assistance_award_unique_key,award_id_fain,award_id_uri,sai_number,disaster_emergency_fund_codes,outlayed_amount_from_COVID-19_supplementals,obligated_amount_from_COVID-19_supplementals,outlayed_amount_from_IIJA_supplemental,obligated_amount_from_IIJA_supplemental,award_latest_action_date,award_latest_action_date_fiscal_year,total_obligated_amount,total_outlayed_amount,indirect_cost_federal_share_amount,total_non_federal_funding_amount,total_funding_amount,total_face_value_of_loan,total_loan_subsidy_cost,award_base_action_date,award_base_action_date_fiscal_year,period_of_performance_start_date,period_of_performance_current_end_date,awarding_agency_code,awarding_agency_name,awarding_sub_agency_code,awarding_sub_agency_name,awarding_office_code,awarding_office_name,funding_agency_code,funding_agency_name,funding_sub_agency_code,funding_sub_agency_name,funding_office_code,funding_office_name,treasury_accounts_funding_this_award,federal_accounts_funding_this_award,object_classes_funding_this_award,program_activities_funding_this_award,recipient_uei,recipient_duns,recipient_name,recipient_name_raw,recipient_parent_uei,recipient_parent_duns,recipient_parent_name,recipient_country_code,recipient_country_name,recipient_address_line_1,recipient_address_line_2,recipient_city_code,recipient_city_name,prime_award_summary_recipient_county_fips_code,recipient_county_name,prime_award_summary_recipient_state_fips_code,recipient_state_code,recipient_state_name,recipient_zip_code,recipient_zip_last_4_code,prime_award_summary_recipient_cd_original,prime_award_summary_recipient_cd_current,recipient_foreign_city_name,recipient_foreign_province_name,recipient_foreign_postal_code,primary_place_of_performance_scope,primary_place_of_performance_country_code,primary_place_of_performance_country_name,primary_place_of_performance_code,primary_place_of_performance_city_name,prime_award_summary_place_of_performance_county_fips_code,primary_place_of_performance_county_name,prime_award_summary_place_of_performance_state_fips_code,primary_place_of_performance_state_name,primary_place_of_performance_zip_4,prime_award_summary_place_of_performance_cd_original,prime_award_summary_place_of_performance_cd_current,primary_place_of_performance_foreign_location,cfda_numbers_and_titles,funding_opportunity_number,funding_opportunity_goals_text,assistance_type_code,assistance_type_description,prime_award_base_transaction_description,business_funds_indicator_code,business_funds_indicator_description,business_types_code,business_types_description,record_type_code,record_type_description,highly_compensated_officer_1_name,highly_compensated_officer_1_amount,highly_compensated_officer_2_name,highly_compensated_officer_2_amount,highly_compensated_officer_3_name,highly_compensated_officer_3_amount,highly_compensated_officer_4_name,highly_compensated_officer_4_amount,highly_compensated_officer_5_name,highly_compensated_officer_5_amount,usaspending_permalink,last_modified_date
ASST_NON_N000142412294_1700,N000142412294,,,,,,,,2024-05-20,2024,180000.00,,54858.34,0.00,180000.00,0.00,0.00,2024-03-22,2024,2024-04-01,2027-03-31,097,Department of Defense,1700,Department of the Navy,N00014,OFFICE OF NAVAL RESEARCH,097,Department of Defense,1700,Department of the Navy,N00014,OFFICE OF NAVAL RESEARCH,,,,,GS3YEVSS12N6,,"REGENTS OF THE UNIVERSITY OF CALIFORNIA, THE","REGENTS OF THE UNIVERSITY OF CALIFORNIA, THE",,,,USA,UNITED STATES,1608 4TH ST STE 201,,06000,BERKELEY,06001,ALAMEDA,06,CA,CALIFORNIA,94710,1749,CA-13,CA-12,,,,STATE-WIDE,USA,UNITED STATES,CA*****,,,,06,CALIFORNIA,,CA-90,,,12.300: BASIC AND APPLIED SCIENTIFIC RESEARCH,N0001423SB001,THE GOAL AND OBJECTIVE IS TO RECEIVE PROPOSALS FOR LONG-RANGE S&T PROJECTS THAT OFFER POTENTIAL FOR ADVANCEMENT AND IMPROVEMENT OF NAVY AND MARINE CORPS OPERATIONS.,04,PROJECT GRANT (B),INVERSE DESIGN AND ADDITIVE MANUFACTURING OF HIGH-PERFORMANCE PIEZOELECTRIC TRANSDUCER FOR MARITIME APPLICATIONS,NON,NOT RECOVERY ACT,HTN,PUBLIC/STATE CONTROLLED INSTITUTION OF HIGHER EDUCATION;HISTORICALLY BLACK COLLEGE OR UNIVERSITY (HBCU);NONPROFIT WITHOUT 501C3 IRS STATUS (OTHER THAN AN INSTITUTION OF HIGHER EDUCATION),2,NON-AGGREGATE RECORD,,,,,,,,,,,https://www.usaspending.gov/award/ASST_NON_N000142412294_1700/,2024-06-03
ASST_NON_FA95502410074_5700,FA95502410074,,,,,,,,2024-03-06,2024,201023.00,,0.00,0.00,201023.00,0.00,0.00,2024-03-06,2024,2024-03-11,2025-03-10,097,Department of Defense,5700,Department of the Air Force,FA9550,FA9550  AFRL AFOSR,097,Department of Defense,5700,Department of the Air Force,F4FGA0,F4FGA0 AFRL AFOSR,,,,,GS3YEVSS12N6,,"REGENTS OF THE UNIVERSITY OF CALIFORNIA, THE","REGENTS OF THE UNIVERSITY OF CALIFORNIA, THE",,,,USA,UNITED STATES,1608 4TH ST STE 201,,06000,BERKELEY,06001,ALAMEDA,06,CA,CALIFORNIA,94710,1749,CA-13,CA-12,,,,SINGLE ZIP CODE,USA,UNITED STATES,CA00000,BERKELEY,06001,ALAMEDA,06,CALIFORNIA,947041749,CA-12,CA-12,,12.800: AIR FORCE DEFENSE RESEARCH SCIENCES PROGRAM,FOAAFRLAFOSR20230005,"TO IMPROVE THE CAPABILITIES OF ACCREDITED U.S. INSTITUTIONS OF HIGHER EDUCATION TO CONDUCT RESEARCH AND TO EDUCATE SCIENTISTS AND ENGINEERS IN AREAS IMPORTANT TO NATIONAL DEFENSE, BY PROVIDING FUNDS FOR THE ACQUISITION OF RESEARCH EQUIPMENT OR INSTRUMENTATION.",04,PROJECT GRANT (B),(DURIP) AUTONOMOUS NAVIGATION OF DRONES AND ROBOTS IN INDOOR AND OUTDOOR CLUTTERED ENVIRONMENTS,NON,NOT RECOVERY ACT,HTN,PUBLIC/STATE CONTROLLED INSTITUTION OF HIGHER EDUCATION;HISTORICALLY BLACK COLLEGE OR UNIVERSITY (HBCU);NONPROFIT WITHOUT 501C3 IRS STATUS (OTHER THAN AN INSTITUTION OF HIGHER EDUCATION),2,NON-AGGREGATE RECORD,,,,,,,,,,,https://www.usaspending.gov/award/ASST_NON_FA95502410074_5700/,2024-03-08
ASST_NON_HT94252410153_97DH,HT94252410153,,,,,,,,2024-02-14,2024,963000.00,,600000.00,0.00,963000.00,0.00,0.00,2024-02-14,2024,2024-03-01,2026-02-28,097,Department of Defense,97DH,Defense Health Agency,HT9425,ARMY MED RES ACQ ACTIVITY,097,Department of Defense,97DH,Defense Health Agency,HT0989,CONG DIR MED RES PRGM / CDMRP - MM,,,,,GS3YEVSS12N6,,"REGENTS OF THE UNIVERSITY OF CALIFORNIA, THE","REGENTS OF THE UNIVERSITY OF CALIFORNIA, THE",,,,USA,UNITED STATES,1608 4TH ST STE 201,,06000,BERKELEY,06001,ALAMEDA,06,CA,CALIFORNIA,94710,1749,CA-12,CA-12,,,,SINGLE ZIP CODE,USA,UNITED STATES,CA00000,BERKELEY,06001,ALAMEDA,06,CALIFORNIA,947101749,CA-12,CA-12,,12.420: MILITARY MEDICAL RESEARCH AND DEVELOPMENT,HT942523ALSRPTIA,,04,PROJECT GRANT (B),REBALANCING C9ORF72 LOSS OF FUNCTION IN AMYOTROPHIC LATERAL SCLEROSIS,NON,NOT RECOVERY ACT,HTN,PUBLIC/STATE CONTROLLED INSTITUTION OF HIGHER EDUCATION;HISTORICALLY BLACK COLLEGE OR UNIVERSITY (HBCU);NONPROFIT WITHOUT 501C3 IRS STATUS (OTHER THAN AN INSTITUTION OF HIGHER EDUCATION),2,NON-AGGREGATE RECORD,,,,,,,,,,,https://www.usaspending.gov/award/ASST_NON_HT94252410153_97DH/,2024-02-29
ASST_NON_N000142412149_1700,N000142412149,,,,,,,,2024-05-21,2024,224433.00,,77522.40,0.00,224433.00,0.00,0.00,2024-02-05,2024,2024-03-01,2027-02-28,097,Department of Defense,1700,Department of the Navy,N00014,OFFICE OF NAVAL RESEARCH,097,Department of Defense,1700,Department of the Navy,N00014,OFFICE OF NAVAL RESEARCH,,,,,GS3YEVSS12N6,,"REGENTS OF THE UNIVERSITY OF CALIFORNIA, THE","REGENTS OF THE UNIVERSITY OF CALIFORNIA, THE",,,,USA,UNITED STATES,1608 4TH ST STE 201,,06000,BERKELEY,06001,ALAMEDA,06,CA,CALIFORNIA,94710,1749,CA-12,CA-12,,,,STATE-WIDE,USA,UNITED STATES,CA*****,,,,06,CALIFORNIA,,CA-90,,,12.300: BASIC AND APPLIED SCIENTIFIC RESEARCH,N0001423SB001,THE GOAL AND OBJECTIVE IS TO RECEIVE PROPOSALS FOR LONG-RANGE S&T PROJECTS THAT OFFER POTENTIAL FOR ADVANCEMENT AND IMPROVEMENT OF NAVY AND MARINE CORPS OPERATIONS. THE GOAL AND OBJECTIVE IS TO RECEIVE PROPOSALS FOR LONG-RANGE S&T PROJECTS THAT OFFER POTENTIAL FOR ADVANCEMENT AND IMPROVEMENT OF NAVY AND MARINE CORPS OPERATIONS.,04,PROJECT GRANT (B),RESILIENT LOGISTICS IN CONTESTED NETWORKS,NON,NOT RECOVERY ACT,HTN,PUBLIC/STATE CONTROLLED INSTITUTION OF HIGHER EDUCATION;HISTORICALLY BLACK COLLEGE OR UNIVERSITY (HBCU);NONPROFIT WITHOUT 501C3 IRS STATUS (OTHER THAN AN INSTITUTION OF HIGHER EDUCATION),2,NON-AGGREGATE RECORD,,,,,,,,,,,https://www.usaspending.gov/award/ASST_NON_N000142412149_1700/,2024-06-03
ASST_NON_N000142412185_1700,N000142412185,,,,,,,,2024-01-26,2024,73893.00,,23731.89,0.00,73893.00,0.00,0.00,2024-01-26,2024,2024-02-01,2027-01-31,097,Department of Defense,1700,Department of the Navy,N00014,OFFICE OF NAVAL RESEARCH,097,Department of Defense,1700,Department of the Navy,N00014,OFFICE OF NAVAL RESEARCH,,,,,GS3YEVSS12N6,,"REGENTS OF THE UNIVERSITY OF CALIFORNIA, THE","REGENTS OF THE UNIVERSITY OF CALIFORNIA, THE",NUDGYLBB4S99,,STATE OF CALIFORNIA CONTROLLERS OFFICE,USA,UNITED STATES,1608 4TH ST STE 201,,06000,BERKELEY,06001,ALAMEDA,06,CA,CALIFORNIA,94710,1749,CA-13,CA-12,,,,STATE-WIDE,USA,UNITED STATES,CA*****,,,,06,CALIFORNIA,,CA-90,,,12.300: BASIC AND APPLIED SCIENTIFIC RESEARCH,N0001423SF004,THE GOAL AND OBJECTIVE IS TO RECEIVE PROPOSALS FOR,04,PROJECT GRANT (B),UNDERWATER QUANTUM SENSING WITH SOLID-STATE NUCLEAR SPINS,NON,NOT RECOVERY ACT,HN,PUBLIC/STATE CONTROLLED INSTITUTION OF HIGHER EDUCATION;NONPROFIT WITHOUT 501C3 IRS STATUS (OTHER THAN AN INSTITUTION OF HIGHER EDUCATION),2,NON-AGGREGATE RECORD,,,,,,,,,,,https://www.usaspending.gov/award/ASST_NON_N000142412185_1700/,2024-01-31
ASST_NON_N000142412159_1700,N000142412159,,,,,,,,2024-01-19,2024,20000.00,,6236.30,0.00,20000.00,0.00,0.00,2024-01-19,2024,2024-03-01,2027-02-28,097,Department of Defense,1700,Department of the Navy,N00014,OFFICE OF NAVAL RESEARCH,097,Department of Defense,1700,Department of the Navy,N00014,OFFICE OF NAVAL RESEARCH,,,,,GS3YEVSS12N6,,"REGENTS OF THE UNIVERSITY OF CALIFORNIA, THE","REGENTS OF THE UNIVERSITY OF CALIFORNIA, THE",NUDGYLBB4S99,,STATE OF CALIFORNIA CONTROLLERS OFFICE,USA,UNITED STATES,1608 4TH ST STE 201,,06000,BERKELEY,06001,ALAMEDA,06,CA,CALIFORNIA,94710,1749,CA-13,CA-12,,,,STATE-WIDE,USA,UNITED STATES,CA*****,,,,06,CALIFORNIA,,CA-90,,,12.300: BASIC AND APPLIED SCIENTIFIC RESEARCH,N0001423SB001,THE GOAL AND OBJECTIVE IS TO RECEIVE PROPOSALS FOR,04,PROJECT GRANT (B),"A UNIFIED PERSPECTIVE ON ROBUSTNESS, COLLABORATION, AND FAIRNESS IN AI",NON,NOT RECOVERY ACT,HN,PUBLIC/STATE CONTROLLED INSTITUTION OF HIGHER EDUCATION;NONPROFIT WITHOUT 501C3 IRS STATUS (OTHER THAN AN INSTITUTION OF HIGHER EDUCATION),2,NON-AGGREGATE RECORD,,,,,,,,,,,https://www.usaspending.gov/award/ASST_NON_N000142412159_1700/,2024-01-31
ASST_NON_N000142412134_1700,N000142412134,,,,,,,,2024-03-14,2024,65000.00,,20100.63,0.00,65000.00,0.00,0.00,2024-01-11,2024,2024-02-01,2027-01-31,097,Department of Defense,1700,Department of the Navy,N00014,OFFICE OF NAVAL RESEARCH,097,Department of Defense,1700,Department of the Navy,N00014,OFFICE OF NAVAL RESEARCH,,,,,GS3YEVSS12N6,,"REGENTS OF THE UNIVERSITY OF CALIFORNIA, THE","REGENTS OF THE UNIVERSITY OF CALIFORNIA, THE",,,,USA,UNITED STATES,1608 4TH ST STE 201,,06000,BERKELEY,06001,ALAMEDA,06,CA,CALIFORNIA,94710,1749,CA-13,CA-12,,,,STATE-WIDE,USA,UNITED STATES,CA*****,,,,06,CALIFORNIA,,CA-90,,,12.300: BASIC AND APPLIED SCIENTIFIC RESEARCH,N0001424SB001,THE GOAL AND OBJECTIVE IS TO RECEIVE PROPOSALS FOR LONG-RANGE S&T PROJECTS THAT OFFER POTENTIAL FOR ADVANCEMENT AND IMPROVEMENT OF NAVY AND MARINE CORPS OPERATIONS.,04,PROJECT GRANT (B),BOTTOM-UP ENGINEERING EXOTIC QUANTUM PHASES IN LOW DIMENSIONAL NANOGRAPHENES,NON,NOT RECOVERY ACT,HN,PUBLIC/STATE CONTROLLED INSTITUTION OF HIGHER EDUCATION;NONPROFIT WITHOUT 501C3 IRS STATUS (OTHER THAN AN INSTITUTION OF HIGHER EDUCATION),2,NON-AGGREGATE RECORD,,,,,,,,,,,https://www.usaspending.gov/award/ASST_NON_N000142412134_1700/,2024-03-28
ASST_NON_HDTRA12410012_9761,HDTRA12410012,,,,,,,,2024-04-25,2024,200000.00,,0.00,0.00,200000.00,0.00,0.00,2024-01-24,2024,2024-01-24,2025-01-23,097,Department of Defense,9761,Defense Threat Reduction Agency,HDTRA1,DEFENSE THREAT REDUCTION AGENCY,097,Department of Defense,9761,Defense Threat Reduction Agency,HDTRA1,DEFENSE THREAT REDUCTION AGENCY,,,,,GS3YEVSS12N6,,"REGENTS OF THE UNIVERSITY OF CALIFORNIA, THE","REGENTS OF THE UNIVERSITY OF CALIFORNIA, THE",,,,USA,UNITED STATES,1608 4TH ST STE 201,,06000,BERKELEY,06001,ALAMEDA,06,CA,CALIFORNIA,94710,1749,CA-12,CA-12,,,,SINGLE ZIP CODE,USA,UNITED STATES,CA00000,BERKELEY,06001,ALAMEDA,06,CALIFORNIA,947101749,CA-12,CA-12,,12.351: SCIENTIFIC RESEARCH - COMBATING WEAPONS OF MASS DESTRUCTION,,,04,PROJECT GRANT (B),RESEARCH AND DEVELOPMENT FOR THE RATIONAL DESIGN OF CATALYTICALLY ACTIVE MATERIALS,NON,NOT RECOVERY ACT,HN,PUBLIC/STATE CONTROLLED INSTITUTION OF HIGHER EDUCATION;NONPROFIT WITHOUT 501C3 IRS STATUS (OTHER THAN AN INSTITUTION OF HIGHER EDUCATION),2,NON-AGGREGATE RECORD,,,,,,,,,,,https://www.usaspending.gov/award/ASST_NON_HDTRA12410012_9761/,2024-05-21
ASST_NON_FA95502410035_5700,FA95502410035,,,,,,,,2024-01-23,2024,73213.75,,0.00,0.00,73213.75,0.00,0.00,2024-01-23,2024,2024-02-15,2025-02-14,097,Department of Defense,5700,Department of the Air Force,FA9550,FA9550  AFRL AFOSR,097,Department of Defense,5700,Department of the Air Force,F4FGA0,F4FGA0 AFRL AFOSR,,,,,GS3YEVSS12N6,,"REGENTS OF THE UNIVERSITY OF CALIFORNIA, THE","REGENTS OF THE UNIVERSITY OF CALIFORNIA, THE",NUDGYLBB4S99,,STATE OF CALIFORNIA CONTROLLERS OFFICE,USA,UNITED STATES,1608 4TH ST STE 201,,06000,BERKELEY,06001,ALAMEDA,06,CA,CALIFORNIA,94710,1749,CA-13,CA-12,,,,SINGLE ZIP CODE,USA,UNITED STATES,CA00000,BERKELEY,06001,ALAMEDA,06,CALIFORNIA,947101749,CA-12,CA-12,,12.800: AIR FORCE DEFENSE RESEARCH SCIENCES PROGRAM,FOAAFRLAFOSR20230005,"THE GOAL OF THIS PROPOSAL IS TO ACQUIRE COMPUTING NODES AND MEMORY THAT WILL BE INSTALLED ON THE SAVIO PLATFORM. THE PROJECT OBJECTIVES WILL BE ACCOMPLISHED BY COMBINING EXPERTISE IN THE DESIGN, THE FABRICATION, AND THE CHARACTERIZATION OF NANOPHOTONIC DEVICES. THE PROJECT BRIDGES THE FIELDS OF MATHEMATICS, HIGH-POWER LASER PHYSICS AND PHOTONICS AND REQUIRES THEORY/SIMULATION, NANOFABRICATION, AND CHARACTERIZATION.",04,PROJECT GRANT (B),(DURIP) HIGH-PERFORMANCE COMPUTING PLATFORM FOR LARGE-SCALE ELECTROMAGNETIC NETWORKS,NON,NOT RECOVERY ACT,HN,PUBLIC/STATE CONTROLLED INSTITUTION OF HIGHER EDUCATION;NONPROFIT WITHOUT 501C3 IRS STATUS (OTHER THAN AN INSTITUTION OF HIGHER EDUCATION),2,NON-AGGREGATE RECORD,,,,,,,,,,,https://www.usaspending.gov/award/ASST_NON_FA95502410035_5700/,2024-01-31
ASST_NON_W911NF2420036_2100,W911NF2420036,,,,,,,,2023-12-20,2024,70000.00,,0.00,0.00,70000.00,0.00,0.00,2023-12-20,2024,2023-12-22,2026-12-21,097,Department of Defense,2100,Department of the Army,W911NF,W6QK ACC-APG DURHAM,097,Department of Defense,2100,Department of the Army,W36QYT,W262 PROP BK ACCT DURHAM,,,,,GS3YEVSS12N6,,"REGENTS OF THE UNIVERSITY OF CALIFORNIA, THE","REGENTS OF THE UNIVERSITY OF CALIFORNIA, THE",NUDGYLBB4S99,,STATE OF CALIFORNIA CONTROLLERS OFFICE,USA,UNITED STATES,1608 4TH ST STE 201,,06000,BERKELEY,06001,ALAMEDA,06,CA,CALIFORNIA,94710,1749,CA-13,CA-12,,,,SINGLE ZIP CODE,USA,UNITED STATES,CA00000,BERKELEY,06001,ALAMEDA,06,CALIFORNIA,947101749,CA-12,CA-12,,12.431: BASIC SCIENTIFIC RESEARCH,,,05,COOPERATIVE AGREEMENT (B),NEW START COOPERATIVE AGREEMENT - APERIODIC MONOTILE-BASED COMPOSITES WITH PROGRAMMABLE INELASTIC DEFORMATION,NON,NOT RECOVERY ACT,HN,PUBLIC/STATE CONTROLLED INSTITUTION OF HIGHER EDUCATION;NONPROFIT WITHOUT 501C3 IRS STATUS (OTHER THAN AN INSTITUTION OF HIGHER EDUCATION),2,NON-AGGREGATE RECORD,,,,,,,,,,,https://www.usaspending.gov/award/ASST_NON_W911NF2420036_2100/,2024-01-17
ASST_NON_W81XWH1910468_97DH,W81XWH1910468,,,,,,,,2024-01-02,2024,-779.92,,0.00,0.00,-779.92,0.00,0.00,2024-01-02,2024,2019-08-01,2023-07-31,097,Department of Defense,97DH,Defense Health Agency,HT9425,ARMY MED RES ACQ ACTIVITY,097,Department of Defense,97DH,Defense Health Agency,HT0989,CONG DIR MED RES PRGM / CDMRP - MM,,,,,GS3YEVSS12N6,,"REGENTS OF THE UNIVERSITY OF CALIFORNIA, THE","REGENTS OF THE UNIVERSITY OF CALIFORNIA, THE",NUDGYLBB4S99,,STATE OF CALIFORNIA CONTROLLERS OFFICE,USA,UNITED STATES,1608 4TH ST STE 220,,06000,BERKELEY,06001,ALAMEDA,06,CA,CALIFORNIA,94710,1749,CA-13,CA-12,,,,SINGLE ZIP CODE,USA,UNITED STATES,CA00000,BERKELEY,06001,ALAMEDA,06,CALIFORNIA,947101749,CA-12,CA-12,,12.420: MILITARY MEDICAL RESEARCH AND DEVELOPMENT,,,04,PROJECT GRANT (B),"DRUG-INDUCED REGNERATION AND RE-INNERVATION IN A MOUSE DIGIT AMPUTATION MODEL DE-OBLIGATE FUNDS TO CLOSE AWARD 1. PER SECTION 711 OF THE NATIONAL DEFENSE AUTHORIZATION ACT (NDAA) 2019, THE US ARMY MEDICAL RESEARCH ACQUISITION ACTIVITY (USAMRAA), US ARMY MEDICAL RESEARCH AND DEVELOPMENT COMMAND (USAMRDC) TRANSFERRED TO THE DEFENSE HEALTH AGENCY (DHA) FROM THE U.S. ARMY EFFECTIVE 01 OCTOBER 2022. THIS MODIFICATION REFLECTS CHANGES CONSISTENT WITH THE TRANSFER TO DHA. 2. DIVISION II HAS BEEN UPDATED TO SUPERSEDE DIVISION III, PART 2, SECTION C, 2.B. ELECTRONIC PAYMENT INSTRUCTIONS",NON,NOT RECOVERY ACT,HN,PUBLIC/STATE CONTROLLED INSTITUTION OF HIGHER EDUCATION;NONPROFIT WITHOUT 501C3 IRS STATUS (OTHER THAN AN INSTITUTION OF HIGHER EDUCATION),2,NON-AGGREGATE RECORD,,,,,,,,,,,https://www.usaspending.gov/award/ASST_NON_W81XWH1910468_97DH/,2024-01-17
ASST_NON_N000142412099_1700,N000142412099,,,,,,,,2024-05-15,2024,257080.00,,74738.03,0.00,257080.00,0.00,0.00,2023-12-11,2024,2024-03-01,2027-02-28,097,Department of Defense,1700,Department of the Navy,N00014,OFFICE OF NAVAL RESEARCH,097,Department of Defense,1700,Department of the Navy,N00014,OFFICE OF NAVAL RESEARCH,,,,,GS3YEVSS12N6,,"REGENTS OF THE UNIVERSITY OF CALIFORNIA, THE","REGENTS OF THE UNIVERSITY OF CALIFORNIA, THE",,,,USA,UNITED STATES,1608 4TH ST STE 201,,06000,BERKELEY,06001,ALAMEDA,06,CA,CALIFORNIA,94710,1749,CA-13,CA-12,,,,STATE-WIDE,USA,UNITED STATES,CA*****,,,,06,CALIFORNIA,,CA-90,,,12.300: BASIC AND APPLIED SCIENTIFIC RESEARCH,N0001423SB001,THE GOAL AND OBJECTIVE IS TO RECEIVE PROPOSALS FOR LONG-RANGE S&T PROJECTS THAT OFFER POTENTIAL FOR ADVANCEMENT AND IMPROVEMENT OF NAVY AND MARINE CORPS OPERATIONS.,04,PROJECT GRANT (B),THE SMALL QUICK INTEGRATED GROUND-VEHICLE (SQUIG): REAL-TIME LEARNING CONTROL SYSTEMS FOR UVS FOR EXPEDITIONARY MISSIONS,NON,NOT RECOVERY ACT,HN,PUBLIC/STATE CONTROLLED INSTITUTION OF HIGHER EDUCATION;NONPROFIT WITHOUT 501C3 IRS STATUS (OTHER THAN AN INSTITUTION OF HIGHER EDUCATION),2,NON-AGGREGATE RECORD,,,,,,,,,,,https://www.usaspending.gov/award/ASST_NON_N000142412099_1700/,2024-06-03
ASST_NON_HR00112430302_97AE,HR00112430302,,,,,,,,2023-11-21,2024,238442.00,,,0.00,238442.00,0.00,0.00,2023-11-21,2024,2023-11-21,2024-11-20,097,Department of Defense,97AE,Defense Advanced Research Projects Agency,HR0011,DEF ADVANCED RESEARCH PROJECTS AGCY,097,Department of Defense,97AE,Defense Advanced Research Projects Agency,HR0011,DEF ADVANCED RESEARCH PROJECTS AGCY,,,,,GS3YEVSS12N6,,"REGENTS OF THE UNIVERSITY OF CALIFORNIA, THE","REGENTS OF THE UNIVERSITY OF CALIFORNIA, THE",NUDGYLBB4S99,,STATE OF CALIFORNIA CONTROLLERS OFFICE,USA,UNITED STATES,1608 4TH ST STE 201,,06000,BERKELEY,06001,ALAMEDA,06,CA,CALIFORNIA,94710,1749,CA-13,CA-12,,,,SINGLE ZIP CODE,USA,UNITED STATES,CA00000,BERKELEY,06001,ALAMEDA,06,CALIFORNIA,947101749,CA-12,CA-12,,12.910: RESEARCH AND TECHNOLOGY DEVELOPMENT,,,11,"OTHER REIMBURSABLE, CONTINGENT, INTANGIBLE, OR INDIRECT FINANCIAL ASSISTANCE","THE PRINCIPAL PURPOSE OF THIS AGREEMENT IS TO PERFORM A COORDINATED RESEARCH AND DEVELOPMENT PROGRAM PROGRAM DESIGNED TO OPTIMIZE RARE EARTH ELEMENT REE SEPARATION. THIS RESEARCH SHALL BE CARRIED OUT IN ACCORDANCE WITH THE PERFORMERS PROPOSAL. THE PERFORMER SHALL SUBMIT OR OTHERWISE PROVIDE ALL DOCUMENTATION REQUIRED BY ATTACHMENT 3, REPORT REQUIREMENTS. 2. THE PERFORMER SHALL BE PAID A FIXED AMOUNT FOR EACH MILESTONE ACCOMPLISHED",NON,NOT RECOVERY ACT,HN,PUBLIC/STATE CONTROLLED INSTITUTION OF HIGHER EDUCATION;NONPROFIT WITHOUT 501C3 IRS STATUS (OTHER THAN AN INSTITUTION OF HIGHER EDUCATION),2,NON-AGGREGATE RECORD,,,,,,,,,,,https://www.usaspending.gov/award/ASST_NON_HR00112430302_97AE/,2023-12-14
ASST_NON_W81XWH1910586_97DH,W81XWH1910586,,,,,,,,2023-10-30,2024,-740.75,,0.00,0.00,-740.75,0.00,0.00,2023-10-30,2024,2019-08-01,2022-07-31,097,Department of Defense,97DH,Defense Health Agency,HT9425,ARMY MED RES ACQ ACTIVITY,097,Department of Defense,97DH,Defense Health Agency,HT0989,CONG DIR MED RES PRGM / CDMRP - MM,,,,,GS3YEVSS12N6,,"REGENTS OF THE UNIVERSITY OF CALIFORNIA, THE","REGENTS OF THE UNIVERSITY OF CALIFORNIA, THE",NUDGYLBB4S99,,STATE OF CALIFORNIA CONTROLLERS OFFICE,USA,UNITED STATES,1608 4TH ST STE 220,,06000,BERKELEY,06001,ALAMEDA,06,CA,CALIFORNIA,94710,1749,CA-13,CA-12,,,,SINGLE ZIP CODE,USA,UNITED STATES,CA00000,BERKELEY,06001,ALAMEDA,06,CALIFORNIA,947101749,CA-12,CA-12,,12.420: MILITARY MEDICAL RESEARCH AND DEVELOPMENT,,,04,PROJECT GRANT (B),"NOVEL GENOME EDITING STRATEGIES TO TREAT BONE MARROW FAILURE IN PATIENTS WITH DYSKERATOSIS CONGENITA DE-OBLIGATE FUNDS TO CLOSE AWARD 1. PER SECTION 711 OF THE NATIONAL DEFENSE AUTHORIZATION ACT (NDAA) 2019, THE US ARMY MEDICAL RESEARCH ACQUISITION ACTIVITY (USAMRAA), US ARMY MEDICAL RESEARCH AND DEVELOPMENT COMMAND (USAMRDC) TRANSFERRED TO THE DEFENSE HEALTH AGENCY (DHA) FROM THE U.S. ARMY EFFECTIVE 01 OCTOBER 2022. THIS MODIFICATION REFLECTS CHANGES CONSISTENT WITH THE TRANSFER TO DHA. 2. DIVISION II HAS BEEN UPDATED TO SUPERSEDE DIVISION III, PART 2, SECTION C, 2.B. ELECTRONIC PAYMENT INSTRUCTIONS",NON,NOT RECOVERY ACT,HN,PUBLIC/STATE CONTROLLED INSTITUTION OF HIGHER EDUCATION;NONPROFIT WITHOUT 501C3 IRS STATUS (OTHER THAN AN INSTITUTION OF HIGHER EDUCATION),2,NON-AGGREGATE RECORD,,,,,,,,,,,https://www.usaspending.gov/award/ASST_NON_W81XWH1910586_97DH/,2023-11-01
ASST_NON_W911NF2310244_2100,W911NF2310244,,,Q: Not Designated Nonemergency/Emergency/Disaster/Wildfire Suppression,,,,,2024-05-24,2024,567000.00,,0.00,0.00,567000.00,0.00,0.00,2023-06-21,2023,2023-07-01,2025-06-30,097,Department of Defense,2100,Department of the Army,W911NF,W6QK ACC-APG DURHAM,097,Department of Defense,2100,Department of the Army,W36QYT,W262 PROP BK ACCT DURHAM,021-2023/2024-2040-000,021-2040,25.5: Research and development contracts,0008: SOFTWARE AND DIGITAL TECHNOLOGY PILOT PROGRAMS,GS3YEVSS12N6,,"REGENTS OF THE UNIVERSITY OF CALIFORNIA, THE","REGENTS OF THE UNIVERSITY OF CALIFORNIA, THE",,,,USA,UNITED STATES,1608 4TH ST STE 201,,06000,BERKELEY,06001,ALAMEDA,06,CA,CALIFORNIA,94710,1749,CA-13,CA-12,,,,SINGLE ZIP CODE,USA,UNITED STATES,CA00000,BERKELEY,06001,ALAMEDA,06,CALIFORNIA,947101749,CA-12,CA-12,,12.431: BASIC SCIENTIFIC RESEARCH,,,04,PROJECT GRANT (B),NEW GRANT - DURIP,NON,NOT RECOVERY ACT,HN,PUBLIC/STATE CONTROLLED INSTITUTION OF HIGHER EDUCATION;NONPROFIT WITHOUT 501C3 IRS STATUS (OTHER THAN AN INSTITUTION OF HIGHER EDUCATION),2,NON-AGGREGATE RECORD,,,,,,,,,,,https://www.usaspending.gov/award/ASST_NON_W911NF2310244_2100/,2024-06-03
ASST_NON_N000142312587_1700,N000142312587,,,,,,,,2024-03-26,2024,170000.00,,54880.12,0.00,170000.00,0.00,0.00,2023-04-29,2023,2023-05-01,2026-04-30,097,Department of Defense,1700,Department of the Navy,N00014,OFFICE OF NAVAL RESEARCH,097,Department of Defense,1700,Department of the Navy,N00014,OFFICE OF NAVAL RESEARCH,,,,,GS3YEVSS12N6,,"REGENTS OF THE UNIVERSITY OF CALIFORNIA, THE","REGENTS OF THE UNIVERSITY OF CALIFORNIA, THE",,,,USA,UNITED STATES,1608 4TH ST STE 201,,06000,BERKELEY,06001,ALAMEDA,06,CA,CALIFORNIA,94710,1749,CA-13,CA-12,,,,STATE-WIDE,USA,UNITED STATES,CA*****,,,,06,CALIFORNIA,,CA-90,,,12.300: BASIC AND APPLIED SCIENTIFIC RESEARCH,N0001423SB001,THE GOAL AND OBJECTIVE IS TO RECEIVE PROPOSALS FOR LONG-RANGE S&T PROJECTS THAT OFFER POTENTIAL FOR ADVANCEMENT AND IMPROVEMENT OF NAVY AND MARINE CORPS OPERATIONS.,04,PROJECT GRANT (B),INCORPORATING SCIENTIFIC INDUCTIVE BIASES INTO NEURAL NETWORKS,NON,NOT RECOVERY ACT,HN,PUBLIC/STATE CONTROLLED INSTITUTION OF HIGHER EDUCATION;NONPROFIT WITHOUT 501C3 IRS STATUS (OTHER THAN AN INSTITUTION OF HIGHER EDUCATION),2,NON-AGGREGATE RECORD,,,,,,,,,,,https://www.usaspending.gov/award/ASST_NON_N000142312587_1700/,2024-03-28
ASST_NON_FA95502310246_5700,FA95502310246,,,,,,,,2024-03-15,2024,376762.00,,165578.00,0.00,376762.00,0.00,0.00,2023-03-23,2023,2023-04-01,2026-03-31,097,Department of Defense,5700,Department of the Air Force,FA9550,FA9550  AFRL AFOSR,097,Department of Defense,5700,Department of the Air Force,F4FGA0,F4FGA0 AFRL AFOSR,,,,,GS3YEVSS12N6,,"REGENTS OF THE UNIVERSITY OF CALIFORNIA, THE","REGENTS OF THE UNIVERSITY OF CALIFORNIA, THE",,,,USA,UNITED STATES,1608 4TH ST STE 201,,06000,BERKELEY,06001,ALAMEDA,06,CA,CALIFORNIA,94710,1749,CA-13,CA-12,,,,STATE-WIDE,USA,UNITED STATES,CA*****,,,,06,CALIFORNIA,,CA-90,,,12.800: AIR FORCE DEFENSE RESEARCH SCIENCES PROGRAM,,,04,PROJECT GRANT (B),EXPLORING HIGH-TEMPERATURE EXCITON BEC IN TWO-DIMENSIONAL HETEROSTRUCTURES,NON,NOT RECOVERY ACT,HN,PUBLIC/STATE CONTROLLED INSTITUTION OF HIGHER EDUCATION;NONPROFIT WITHOUT 501C3 IRS STATUS (OTHER THAN AN INSTITUTION OF HIGHER EDUCATION),2,NON-AGGREGATE RECORD,,,,,,,,,,,https://www.usaspending.gov/award/ASST_NON_FA95502310246_5700/,2024-03-28
ASST_NON_FA95502310106_5700,FA95502310106,,,,,,,,2024-03-12,2024,292471.00,,142698.00,0.00,292471.00,0.00,0.00,2023-02-15,2023,2023-02-15,2026-02-14,097,Department of Defense,5700,Department of the Air Force,FA9550,FA9550  AFRL AFOSR,097,Department of Defense,5700,Department of the Air Force,F4FGA0,F4FGA0 AFRL AFOSR,,,,,GS3YEVSS12N6,,"REGENTS OF THE UNIVERSITY OF CALIFORNIA, THE","REGENTS OF THE UNIVERSITY OF CALIFORNIA, THE",,,,USA,UNITED STATES,1608 4TH ST STE 201,,06000,BERKELEY,06001,ALAMEDA,06,CA,CALIFORNIA,94710,1749,CA-12,CA-12,,,,STATE-WIDE,USA,UNITED STATES,CA*****,,,,06,CALIFORNIA,,CA-90,,,12.800: AIR FORCE DEFENSE RESEARCH SCIENCES PROGRAM,FOAAFRLAFOSR20220005,THE PROGRAM OBJECTIVE IS TO FOSTER CREATIVE BASIC RESEARCH IN SCIENCE AND ENGINEERING ENHANCE EARLY CAREER DEVELOPMENT OF OUTSTANDING YOUNG INVESTIGATORS AND INCREASE OPPORTUNITIES FOR THE YOUNG INVESTIGATOR TO RECOGNIZE THE AIR FORCE AND SPACE FORCE MISSION AND RELATED CHALLENGES IN SCIENCE AND ENGINEERING.,04,PROJECT GRANT (B),YIP-23 NOVEL HYPERPOLARIZED SPIN SENSORS FOR ROTATION AND IN-SITU AND INTERFACIAL CHEMISTRY,NON,NOT RECOVERY ACT,HN,PUBLIC/STATE CONTROLLED INSTITUTION OF HIGHER EDUCATION;NONPROFIT WITHOUT 501C3 IRS STATUS (OTHER THAN AN INSTITUTION OF HIGHER EDUCATION),2,NON-AGGREGATE RECORD,,,,,,,,,,,https://www.usaspending.gov/award/ASST_NON_FA95502310106_5700/,2024-03-28
ASST_NON_FA95502310545_5700,FA95502310545,,,,,,,,2024-03-04,2024,450000.00,,217279.00,0.00,450000.00,0.00,0.00,2023-01-19,2023,2023-02-01,2026-01-31,097,Department of Defense,5700,Department of the Air Force,FA9550,FA9550  AFRL AFOSR,097,Department of Defense,5700,Department of the Air Force,F4FGA0,F4FGA0 AFRL AFOSR,,,,,GS3YEVSS12N6,,"REGENTS OF THE UNIVERSITY OF CALIFORNIA, THE","REGENTS OF THE UNIVERSITY OF CALIFORNIA, THE",,,,USA,UNITED STATES,1608 4TH ST STE 201,,06000,BERKELEY,06001,ALAMEDA,06,CA,CALIFORNIA,94710,1749,CA-12,CA-12,,,,STATE-WIDE,USA,UNITED STATES,CA*****,,,,06,CALIFORNIA,,CA-90,,,12.800: AIR FORCE DEFENSE RESEARCH SCIENCES PROGRAM,,,04,PROJECT GRANT (B),"UNDERSTANDING THE REACTIVE SITE IN CATALYSIS THROUGH SPECTROSCOPY OF CLUSTERS, REACTIVE INTERMEDIATES AND TRANSITION STATES",NON,NOT RECOVERY ACT,HN,PUBLIC/STATE CONTROLLED INSTITUTION OF HIGHER EDUCATION;NONPROFIT WITHOUT 501C3 IRS STATUS (OTHER THAN AN INSTITUTION OF HIGHER EDUCATION),2,NON-AGGREGATE RECORD,,,,,,,,,,,https://www.usaspending.gov/award/ASST_NON_FA95502310545_5700/,2024-03-08
ASST_NON_W911NF2310027_2100,W911NF2310027,,,,,,,,2023-12-19,2024,200315.00,,0.00,0.00,200315.00,0.00,0.00,2023-01-06,2023,2023-01-16,2025-01-15,097,Department of Defense,2100,Department of the Army,W911NF,W6QK ACC-APG DURHAM,097,Department of Defense,2100,Department of the Army,W36QYT,W262 PROP BK ACCT DURHAM,,,,,GS3YEVSS12N6,,"REGENTS OF THE UNIVERSITY OF CALIFORNIA, THE","REGENTS OF THE UNIVERSITY OF CALIFORNIA, THE",NUDGYLBB4S99,,STATE OF CALIFORNIA CONTROLLERS OFFICE,USA,UNITED STATES,1608 4TH ST STE 201,,06000,BERKELEY,06001,ALAMEDA,06,CA,CALIFORNIA,94710,1749,CA-13,CA-12,,,,SINGLE ZIP CODE,USA,UNITED STATES,CA00000,BERKELEY,06001,ALAMEDA,06,CALIFORNIA,947101749,CA-12,CA-12,,12.431: BASIC SCIENTIFIC RESEARCH,,,04,PROJECT GRANT (B),TOPOLOGICAL METASURFACES,NON,NOT RECOVERY ACT,HN,PUBLIC/STATE CONTROLLED INSTITUTION OF HIGHER EDUCATION;NONPROFIT WITHOUT 501C3 IRS STATUS (OTHER THAN AN INSTITUTION OF HIGHER EDUCATION),2,NON-AGGREGATE RECORD,,,,,,,,,,,https://www.usaspending.gov/award/ASST_NON_W911NF2310027_2100/,2024-01-17
ASST_NON_W911NF2310003_2100,W911NF2310003,,,Q: Not Designated Nonemergency/Emergency/Disaster/Wildfire Suppression,,,,,2023-12-05,2024,400000.00,,0.00,0.00,400000.00,0.00,0.00,2022-11-01,2023,2022-11-01,2024-10-31,097,Department of Defense,2100,Department of the Army,W911NF,W6QK ACC-APG DURHAM,097,Department of Defense,2100,Department of the Army,W36QYT,W262 PROP BK ACCT DURHAM,021-2022/2023-2040-000;021-2023/2024-2040-000,021-2040,25.5: Research and development contracts,0007: OPERATIONAL SYSTEM DEVELOPMENT;0008: SOFTWARE AND DIGITAL TECHNOLOGY PILOT PROGRAMS,GS3YEVSS12N6,,"REGENTS OF THE UNIVERSITY OF CALIFORNIA, THE","REGENTS OF THE UNIVERSITY OF CALIFORNIA, THE",NUDGYLBB4S99,,STATE OF CALIFORNIA CONTROLLERS OFFICE,USA,UNITED STATES,1608 4TH ST STE 201,,06000,BERKELEY,06001,ALAMEDA,06,CA,CALIFORNIA,94710,1749,CA-13,CA-12,,,,SINGLE ZIP CODE,USA,UNITED STATES,CA00000,BERKELEY,06001,ALAMEDA,06,CALIFORNIA,947101749,CA-12,CA-12,,12.431: BASIC SCIENTIFIC RESEARCH,,,04,PROJECT GRANT (B),GRANT,NON,NOT RECOVERY ACT,HN,PUBLIC/STATE CONTROLLED INSTITUTION OF HIGHER EDUCATION;NONPROFIT WITHOUT 501C3 IRS STATUS (OTHER THAN AN INSTITUTION OF HIGHER EDUCATION),2,NON-AGGREGATE RECORD,,,,,,,,,,,https://www.usaspending.gov/award/ASST_NON_W911NF2310003_2100/,2023-12-14
ASST_NON_W911NF2210258_2100,W911NF2210258,,,Q: Not Designated Nonemergency/Emergency/Disaster/Wildfire Suppression,,,,,2024-05-30,2024,6919858.00,,0.00,0.00,6919858.00,0.00,0.00,2022-09-27,2022,2022-09-28,2024-09-27,097,Department of Defense,2100,Department of the Army,W911NF,W6QK ACC-APG DURHAM,097,Department of Defense,2100,Department of the Army,W36QYT,W262 PROP BK ACCT DURHAM,021-2022/2023-2040-000,021-2040,25.5: Research and development contracts,0801: REIMBURSABLE,GS3YEVSS12N6,,"REGENTS OF THE UNIVERSITY OF CALIFORNIA, THE","REGENTS OF THE UNIVERSITY OF CALIFORNIA, THE",,,,USA,UNITED STATES,1608 4TH ST STE 201,,06000,BERKELEY,06001,ALAMEDA,06,CA,CALIFORNIA,94710,1749,CA-13,CA-12,,,,SINGLE ZIP CODE,USA,UNITED STATES,CA00000,BERKELEY,06001,ALAMEDA,06,CALIFORNIA,947101749,CA-12,CA-12,,12.431: BASIC SCIENTIFIC RESEARCH,,,04,PROJECT GRANT (B),GRANT,NON,NOT RECOVERY ACT,HN,PUBLIC/STATE CONTROLLED INSTITUTION OF HIGHER EDUCATION;NONPROFIT WITHOUT 501C3 IRS STATUS (OTHER THAN AN INSTITUTION OF HIGHER EDUCATION),2,NON-AGGREGATE RECORD,,,,,,,,,,,https://www.usaspending.gov/award/ASST_NON_W911NF2210258_2100/,2024-06-03
ASST_NON_W912HZ2220012_2100,W912HZ2220012,,,,,,,,2024-05-03,2024,89469.23,,0.00,0.00,89469.23,0.00,0.00,2022-05-11,2022,2022-05-11,2024-05-03,097,Department of Defense,2100,Department of the Army,W912HZ,W2R2 USA ENGR R AND D CTR,096,Corps of Engineers - Civil Works,96CE,U.S. Army Corps of Engineers - Civil Program Financing Only,964449,ARMY CORPS OF ENGINEERS CIVIL WORK,,,,,GS3YEVSS12N6,,"REGENTS OF THE UNIVERSITY OF CALIFORNIA, THE","REGENTS OF THE UNIVERSITY OF CALIFORNIA, THE",,,,USA,UNITED STATES,1608 4TH ST STE 201,,06000,BERKELEY,06001,ALAMEDA,06,CA,CALIFORNIA,94710,1749,CA-13,CA-12,,,,SINGLE ZIP CODE,USA,UNITED STATES,CA00000,BERKELEY,06001,ALAMEDA,06,CALIFORNIA,947101749,CA-12,CA-12,,"12.630: BASIC, APPLIED, AND ADVANCED RESEARCH IN SCIENCE AND ENGINEERING",,,05,COOPERATIVE AGREEMENT (B),"LEVEE MONITORING WITH DISTRIBUTED STRAIN SENSING, BLACK HAWK, LA",NON,NOT RECOVERY ACT,HN,PUBLIC/STATE CONTROLLED INSTITUTION OF HIGHER EDUCATION;NONPROFIT WITHOUT 501C3 IRS STATUS (OTHER THAN AN INSTITUTION OF HIGHER EDUCATION),2,NON-AGGREGATE RECORD,,,,,,,,,,,https://www.usaspending.gov/award/ASST_NON_W912HZ2220012_2100/,2024-05-21
ASST_NON_FA95502210156_5700,FA95502210156,,,,,,,,2024-02-20,2024,1147336.00,,0.00,0.00,1147336.00,0.00,0.00,2022-03-02,2022,2022-03-15,2025-03-14,097,Department of Defense,5700,Department of the Air Force,FA9550,FA9550  AFRL AFOSR,097,Department of Defense,5700,Department of the Air Force,F4FGA0,F4FGA0 AFRL AFOSR,,,,,GS3YEVSS12N6,,"REGENTS OF THE UNIVERSITY OF CALIFORNIA, THE","REGENTS OF THE UNIVERSITY OF CALIFORNIA, THE",,,,USA,UNITED STATES,1608 4TH ST STE 201,,06000,BERKELEY,06001,ALAMEDA,06,CA,CALIFORNIA,94710,1749,CA-12,CA-12,,,,STATE-WIDE,USA,UNITED STATES,CA*****,,,,06,CALIFORNIA,,CA-90,,,12.800: AIR FORCE DEFENSE RESEARCH SCIENCES PROGRAM,FOAAFRLAFOSR20210002,"TO IMPROVE THE CAPABILITIES OF ACCREDITED U.S. INSTITUTIONS OF HIGHER EDUCATION TO CONDUCT RESEARCH AND TO EDUCATE SCIENTISTS AND ENGINEERS IN AREAS IMPORTANT TO NATIONAL DEFENSE, BY PROVIDING FUNDS FOR THE ACQUISITION OF RESEARCH EQUIPMENT OR INSTRUMENTATION.",04,PROJECT GRANT (B),DURIP SCANNING HIGH-FIELD NUCLEAR MAGNETOMETER,NON,NOT RECOVERY ACT,HN,PUBLIC/STATE CONTROLLED INSTITUTION OF HIGHER EDUCATION;NONPROFIT WITHOUT 501C3 IRS STATUS (OTHER THAN AN INSTITUTION OF HIGHER EDUCATION),2,NON-AGGREGATE RECORD,,,,,,,,,,,https://www.usaspending.gov/award/ASST_NON_FA95502210156_5700/,2024-02-29
ASST_NON_N000142212134_1700,N000142212134,,,,,,,,2024-02-23,2024,563528.00,,104972.97,0.00,563528.00,0.00,0.00,2021-12-22,2022,2022-01-01,2023-09-30,097,Department of Defense,1700,Department of the Navy,N00014,OFFICE OF NAVAL RESEARCH,097,Department of Defense,1700,Department of the Navy,N00014,OFFICE OF NAVAL RESEARCH,,,,,GS3YEVSS12N6,,"REGENTS OF THE UNIVERSITY OF CALIFORNIA, THE","REGENTS OF THE UNIVERSITY OF CALIFORNIA, THE",,,,USA,UNITED STATES,1608 4TH ST STE 220,,06000,BERKELEY,06001,ALAMEDA,06,CA,CALIFORNIA,94710,1749,CA-12,CA-12,,,,STATE-WIDE,USA,UNITED STATES,CA*****,,,,06,CALIFORNIA,,CA-90,,,12.300: BASIC AND APPLIED SCIENTIFIC RESEARCH,N0001422SB001,"THIS PUBLICATION CONSTITUTES A BROAD AGENCY ANNOUNCEMENT (BAA) FOR AWARDS BY THE OFFICE OF NAVAL RESEARCH (ONR) CONTACT AND GRANTS AWARDS MANAGEMENT DIVISION, ONR CODE 25 (OR OTHERS APPROVED BY CODE 25), ONR GLOBAL (ONRG) AND THE MARINE CORPS WARFIGHTING LAB (MCWL) AS CONTEMPLATED IN FEDERAL ACQUISITION REGULATION (FAR) 6.102(D)(2) AND 35.016 AND THE OFFICE OF THE UNDER SECRETARY OF DEFENSE FOR ACQUISITION AND SUSTAINMENT OTHER TRANSACTION GUIDE VERSION 1.0 DATED NOVEMBER, 2018.",04,PROJECT GRANT (B),PREDICTIVE AND ACCELERATED MODELING OF INTERFACES FOR ADVANCED ELECTRONIC DEVICES,NON,NOT RECOVERY ACT,HN,PUBLIC/STATE CONTROLLED INSTITUTION OF HIGHER EDUCATION;NONPROFIT WITHOUT 501C3 IRS STATUS (OTHER THAN AN INSTITUTION OF HIGHER EDUCATION),2,NON-AGGREGATE RECORD,,,,,,,,,,,https://www.usaspending.gov/award/ASST_NON_N000142212134_1700/,2024-02-29
ASST_NON_N000142212121_1700,N000142212121,,,,,,,,2024-05-30,2024,1500000.00,,99883.60,0.00,1500000.00,0.00,0.00,2021-12-17,2022,2022-01-01,2024-12-31,097,Department of Defense,1700,Department of the Navy,N00014,OFFICE OF NAVAL RESEARCH,097,Department of Defense,1700,Department of the Navy,N00014,OFFICE OF NAVAL RESEARCH,,,,,GS3YEVSS12N6,,"REGENTS OF THE UNIVERSITY OF CALIFORNIA, THE","REGENTS OF THE UNIVERSITY OF CALIFORNIA, THE",,,,USA,UNITED STATES,1608 4TH ST STE 220,,06000,BERKELEY,06001,ALAMEDA,06,CA,CALIFORNIA,94710,1749,CA-13,CA-12,,,,STATE-WIDE,USA,UNITED STATES,CA*****,,,,06,CALIFORNIA,,CA-90,,,12.300: BASIC AND APPLIED SCIENTIFIC RESEARCH,N0001421SB001,THE GOAL AND OBJECTIVE IS TO RECEIVE PROPOSALS FOR LONG-RANGE S&T PROJECTS THAT OFFER POTENTIAL FOR ADVANCEMENT AND IMPROVEMENT OF NAVY AND MARINE CORPS OPERATIONS.,04,PROJECT GRANT (B),"FRUGAL, LIFELONG-LEARNING CONTROL SYSTEMS WITH EXECUTION GUARANTEES",NON,NOT RECOVERY ACT,HN,PUBLIC/STATE CONTROLLED INSTITUTION OF HIGHER EDUCATION;NONPROFIT WITHOUT 501C3 IRS STATUS (OTHER THAN AN INSTITUTION OF HIGHER EDUCATION),2,NON-AGGREGATE RECORD,,,,,,,,,,,https://www.usaspending.gov/award/ASST_NON_N000142212121_1700/,2024-06-03
ASST_NON_N000142112801_1700,N000142112801,,,,,,,,2024-02-02,2024,3850000.00,,374766.44,0.00,3850000.00,0.00,0.00,2021-08-09,2021,2021-09-01,2024-08-31,097,Department of Defense,1700,Department of the Navy,N00014,OFFICE OF NAVAL RESEARCH,097,Department of Defense,1700,Department of the Navy,N00014,OFFICE OF NAVAL RESEARCH,,,,,GS3YEVSS12N6,,"REGENTS OF THE UNIVERSITY OF CALIFORNIA, THE","REGENTS OF THE UNIVERSITY OF CALIFORNIA, THE",,,,USA,UNITED STATES,1608 4TH ST STE 220,,06000,BERKELEY,06001,ALAMEDA,06,CA,CALIFORNIA,94710,1749,CA-13,CA-12,,,,STATE-WIDE,USA,UNITED STATES,CA*****,,,,06,CALIFORNIA,,CA-90,,,12.300: BASIC AND APPLIED SCIENTIFIC RESEARCH,N0001420SF003,THE PROGRAM IS FOCUSED ON MULTIDISCIPLINARY RESEAR,04,PROJECT GRANT (B),SELF-SUPERVISED SCENE UNDERSTANDING WITH OBJECT-CENTRIC DORSO-VENTRAL NEURAL NETWORKS,NON,NOT RECOVERY ACT,HN,PUBLIC/STATE CONTROLLED INSTITUTION OF HIGHER EDUCATION;NONPROFIT WITHOUT 501C3 IRS STATUS (OTHER THAN AN INSTITUTION OF HIGHER EDUCATION),2,NON-AGGREGATE RECORD,,,,,,,,,,,https://www.usaspending.gov/award/ASST_NON_N000142112801_1700/,2024-02-09
ASST_NON_W911NF2110339_2100,W911NF2110339,,,Q: Not Designated Nonemergency/Emergency/Disaster/Wildfire Suppression,,,,,2024-05-30,2024,360000.00,,0.00,0.00,360000.00,0.00,0.00,2021-08-16,2021,2021-08-20,2024-08-19,097,Department of Defense,2100,Department of the Army,W911NF,W6QK ACC-APG DURHAM,097,Department of Defense,2100,Department of the Army,W36QYT,W262 PROP BK ACCT DURHAM,021-2022/2023-2040-000;021-2023/2024-2040-000,021-2040,25.5: Research and development contracts,0008: SOFTWARE AND DIGITAL TECHNOLOGY PILOT PROGRAMS,GS3YEVSS12N6,,"REGENTS OF THE UNIVERSITY OF CALIFORNIA, THE","REGENTS OF THE UNIVERSITY OF CALIFORNIA, THE",,,,USA,UNITED STATES,1608 4TH ST STE 220,,06000,BERKELEY,06001,ALAMEDA,06,CA,CALIFORNIA,94710,1749,CA-13,CA-12,,,,SINGLE ZIP CODE,USA,UNITED STATES,CA00000,BERKELEY,06001,ALAMEDA,06,CALIFORNIA,947101749,CA-12,CA-12,,12.431: BASIC SCIENTIFIC RESEARCH,,,04,PROJECT GRANT (B),"GRANT PROPOSAL ENTITLED-NEXT GENERATION NATURAL LANGUAGE INTERFACES FOR DATA EXTRACTION, MANIPULATION, AND VISUALIZATION",NON,NOT RECOVERY ACT,HN,PUBLIC/STATE CONTROLLED INSTITUTION OF HIGHER EDUCATION;NONPROFIT WITHOUT 501C3 IRS STATUS (OTHER THAN AN INSTITUTION OF HIGHER EDUCATION),2,NON-AGGREGATE RECORD,,,,,,,,,,,https://www.usaspending.gov/award/ASST_NON_W911NF2110339_2100/,2024-06-03
ASST_NON_N000142112840_1700,N000142112840,,,,,,,,2024-01-12,2024,469253.00,,94394.05,0.00,469253.00,0.00,0.00,2021-07-30,2021,2021-08-01,2024-07-31,097,Department of Defense,1700,Department of the Navy,N00014,OFFICE OF NAVAL RESEARCH,097,Department of Defense,1700,Department of the Navy,N00014,OFFICE OF NAVAL RESEARCH,,,,,GS3YEVSS12N6,,"REGENTS OF THE UNIVERSITY OF CALIFORNIA, THE","REGENTS OF THE UNIVERSITY OF CALIFORNIA, THE",NUDGYLBB4S99,,STATE OF CALIFORNIA CONTROLLERS OFFICE,USA,UNITED STATES,1608 4TH ST STE 220,,06000,BERKELEY,06001,ALAMEDA,06,CA,CALIFORNIA,94710,1749,CA-13,CA-12,,,,STATE-WIDE,USA,UNITED STATES,CA*****,,,,06,CALIFORNIA,,CA-90,,,12.300: BASIC AND APPLIED SCIENTIFIC RESEARCH,N0001421SB001,THE GOAL AND OBJECTIVE IS TO RECEIVE PROPOSALS FOR,04,PROJECT GRANT (B),NEW DIRECTIONS IN CONFORMAL INFERENCE: MODULAR UNCERTAINTY QUANTIFICATION FOR COMPLEX PREDICTION SYSTEMS,NON,NOT RECOVERY ACT,HN,PUBLIC/STATE CONTROLLED INSTITUTION OF HIGHER EDUCATION;NONPROFIT WITHOUT 501C3 IRS STATUS (OTHER THAN AN INSTITUTION OF HIGHER EDUCATION),2,NON-AGGREGATE RECORD,,,,,,,,,,,https://www.usaspending.gov/award/ASST_NON_N000142112840_1700/,2024-01-31
ASST_NON_N000142112769_1700,N000142112769,,,,,,,,2024-05-13,2024,450000.00,,84438.66,0.00,450000.00,0.00,0.00,2021-07-26,2021,2021-09-01,2024-08-31,097,Department of Defense,1700,Department of the Navy,N00014,OFFICE OF NAVAL RESEARCH,097,Department of Defense,1700,Department of the Navy,N00014,OFFICE OF NAVAL RESEARCH,,,,,GS3YEVSS12N6,,"REGENTS OF THE UNIVERSITY OF CALIFORNIA, THE","REGENTS OF THE UNIVERSITY OF CALIFORNIA, THE",,,,USA,UNITED STATES,1608 4TH ST STE 220,,06000,BERKELEY,06001,ALAMEDA,06,CA,CALIFORNIA,94710,1749,CA-12,CA-12,,,,STATE-WIDE,USA,UNITED STATES,CA*****,,,,06,CALIFORNIA,,CA-90,,,12.300: BASIC AND APPLIED SCIENTIFIC RESEARCH,N0001421SB001,THE GOAL AND OBJECTIVE IS TO RECEIVE PROPOSALS FOR LONG-RANGE S&T PROJECTS THAT OFFER POTENTIAL FOR ADVANCEMENT AND IMPROVEMENT OF NAVY AND MARINE CORPS OPERATIONS.,04,PROJECT GRANT (B),LARGE-SCALE UNSUPERVISED LEARNING FOR ROBOTS,NON,NOT RECOVERY ACT,HN,PUBLIC/STATE CONTROLLED INSTITUTION OF HIGHER EDUCATION;NONPROFIT WITHOUT 501C3 IRS STATUS (OTHER THAN AN INSTITUTION OF HIGHER EDUCATION),2,NON-AGGREGATE RECORD,,,,,,,,,,,https://www.usaspending.gov/award/ASST_NON_N000142112769_1700/,2024-06-03
ASST_NON_N000142112604_1700,N000142112604,,,,,,,,2024-03-11,2024,510000.00,,95646.66,0.00,510000.00,0.00,0.00,2021-07-09,2021,2021-07-12,2024-07-11,097,Department of Defense,1700,Department of the Navy,N00014,OFFICE OF NAVAL RESEARCH,097,Department of Defense,1700,Department of the Navy,N00014,OFFICE OF NAVAL RESEARCH,,,,,GS3YEVSS12N6,,"REGENTS OF THE UNIVERSITY OF CALIFORNIA, THE","REGENTS OF THE UNIVERSITY OF CALIFORNIA, THE",,,,USA,UNITED STATES,1608 4TH ST STE 220,,06000,BERKELEY,06001,ALAMEDA,06,CA,CALIFORNIA,94710,1749,CA-13,CA-12,,,,STATE-WIDE,USA,UNITED STATES,CA*****,,,,06,CALIFORNIA,,CA-90,,,12.300: BASIC AND APPLIED SCIENTIFIC RESEARCH,N0001421SF001,"THE OBJECTIVES OF THIS PROGRAM ARE TO ATTRACT OUTSTANDING FACULTY MEMBERS OF U.S. INSTITUTIONS OF HIGHER EDUCATION (HEREAFTER ALSO CALLED ""UNIVERSITIES"") TO THE DEPARTMENT OF THE NAVY'S SCIENCE AND TECHNOLOGY (S&T) RESEARCH PROGRAM, TO SUPPORT THEIR RESEARCH, AND TO ENCOURAGE THEIR TEACHING AND RESEARCH CAREERS.",04,PROJECT GRANT (B),MACHINE LEARNING FOR RATIONAL DESIGN OF IMPACT RESISTANT COMPOSITES,NON,NOT RECOVERY ACT,HN,PUBLIC/STATE CONTROLLED INSTITUTION OF HIGHER EDUCATION;NONPROFIT WITHOUT 501C3 IRS STATUS (OTHER THAN AN INSTITUTION OF HIGHER EDUCATION),2,NON-AGGREGATE RECORD,,,,,,,,,,,https://www.usaspending.gov/award/ASST_NON_N000142112604_1700/,2024-03-28
ASST_NON_N000142112724_1700,N000142112724,,,,,,,,2024-02-20,2024,254999.00,,50141.04,0.00,254999.00,0.00,0.00,2021-07-12,2021,2021-07-12,2024-07-11,097,Department of Defense,1700,Department of the Navy,N00014,OFFICE OF NAVAL RESEARCH,097,Department of Defense,1700,Department of the Navy,N00014,OFFICE OF NAVAL RESEARCH,,,,,GS3YEVSS12N6,,"REGENTS OF THE UNIVERSITY OF CALIFORNIA, THE","REGENTS OF THE UNIVERSITY OF CALIFORNIA, THE",,,,USA,UNITED STATES,1608 4TH ST STE 220,,06000,BERKELEY,06001,ALAMEDA,06,CA,CALIFORNIA,94710,1749,CA-13,CA-12,,,,STATE-WIDE,USA,UNITED STATES,CA*****,,,,06,CALIFORNIA,,CA-90,,,12.300: BASIC AND APPLIED SCIENTIFIC RESEARCH,N0001421SF001,THE OFFICE OF NAVAL RESEARCH (ONR) IS INTERESTED IN RECEIVING PROPOSALS FOR ITS YOUNG  INVESTIGATOR PROGRAM (YIP).,04,PROJECT GRANT (B),A FRAMEWORK FOR AUTOMATIC LEVERAGING OF TRUSTED EXECUTION ENVIRONMENTS,NON,NOT RECOVERY ACT,HN,PUBLIC/STATE CONTROLLED INSTITUTION OF HIGHER EDUCATION;NONPROFIT WITHOUT 501C3 IRS STATUS (OTHER THAN AN INSTITUTION OF HIGHER EDUCATION),2,NON-AGGREGATE RECORD,,,,,,,,,,,https://www.usaspending.gov/award/ASST_NON_N000142112724_1700/,2024-02-29
ASST_NON_N000142112731_1700,N000142112731,,,,,,,,2024-04-19,2024,510000.00,,82160.26,0.00,510000.00,0.00,0.00,2021-06-23,2021,2021-07-01,2025-06-30,097,Department of Defense,1700,Department of the Navy,N00014,OFFICE OF NAVAL RESEARCH,097,Department of Defense,1700,Department of the Navy,N00014,OFFICE OF NAVAL RESEARCH,,,,,GS3YEVSS12N6,,"REGENTS OF THE UNIVERSITY OF CALIFORNIA, THE","REGENTS OF THE UNIVERSITY OF CALIFORNIA, THE",,,,USA,UNITED STATES,1608 4TH ST STE 220,,06000,BERKELEY,06001,ALAMEDA,06,CA,CALIFORNIA,94710,1749,CA-13,CA-12,,,,STATE-WIDE,USA,UNITED STATES,CA*****,,,,06,CALIFORNIA,,CA-90,,,12.300: BASIC AND APPLIED SCIENTIFIC RESEARCH,N0001421SF001,"THE OBJECTIVES OF THIS PROGRAM ARE TO ATTRACT OUTSTANDING FACULTY MEMBERS OF U.S. INSTITUTIONS OF HIGHER EDUCATION (HEREAFTER ALSO CALLED ""UNIVERSITIES"") TO THE DEPARTMENT OF THE NAVY'S SCIENCE AND TECHNOLOGY (S&T) RESEARCH PROGRAM, TO SUPPORT THEIR RESEARCH, AND TO ENCOURAGE THEIR TEACHING AND RESEARCH CAREERS.",04,PROJECT GRANT (B),HIGH-PERFORMANCE COMPUTATIONAL METHODS FOR NONLINEAR MACHINE LEARNING PROBLEMS,NON,NOT RECOVERY ACT,HN,PUBLIC/STATE CONTROLLED INSTITUTION OF HIGHER EDUCATION;NONPROFIT WITHOUT 501C3 IRS STATUS (OTHER THAN AN INSTITUTION OF HIGHER EDUCATION),2,NON-AGGREGATE RECORD,,,,,,,,,,,https://www.usaspending.gov/award/ASST_NON_N000142112731_1700/,2024-04-30
ASST_NON_W911NF2120162_2100,W911NF2120162,,,Q: Not Designated Nonemergency/Emergency/Disaster/Wildfire Suppression,,,,,2024-01-10,2024,2775604.00,,0.00,0.00,2775604.00,0.00,0.00,2021-06-14,2021,2021-06-15,2024-12-31,097,Department of Defense,2100,Department of the Army,W911NF,W6QK ACC-APG DURHAM,097,Department of Defense,2100,Department of the Army,W36QYT,W262 PROP BK ACCT DURHAM,021-2023/2024-2040-000,021-2040,25.5: Research and development contracts,0008: SOFTWARE AND DIGITAL TECHNOLOGY PILOT PROGRAMS,GS3YEVSS12N6,,"REGENTS OF THE UNIVERSITY OF CALIFORNIA, THE","REGENTS OF THE UNIVERSITY OF CALIFORNIA, THE",NUDGYLBB4S99,,STATE OF CALIFORNIA CONTROLLERS OFFICE,USA,UNITED STATES,1608 4TH ST STE 220,,06000,BERKELEY,06001,ALAMEDA,06,CA,CALIFORNIA,94710,1749,CA-13,CA-12,,,,SINGLE ZIP CODE,USA,UNITED STATES,CA00000,BERKELEY,06001,ALAMEDA,06,CALIFORNIA,947101749,CA-12,CA-12,,12.431: BASIC SCIENTIFIC RESEARCH,,,05,COOPERATIVE AGREEMENT (B),EMERGENT TOPOLOGICAL AND HIERARCHICAL ORDERED STRUCTURES (ETHOS),NON,NOT RECOVERY ACT,HN,PUBLIC/STATE CONTROLLED INSTITUTION OF HIGHER EDUCATION;NONPROFIT WITHOUT 501C3 IRS STATUS (OTHER THAN AN INSTITUTION OF HIGHER EDUCATION),2,NON-AGGREGATE RECORD,,,,,,,,,,,https://www.usaspending.gov/award/ASST_NON_W911NF2120162_2100/,2024-01-17
ASST_NON_FA95502110250_5700,FA95502110250,,,Q: Not Designated Nonemergency/Emergency/Disaster/Wildfire Suppression,,,,,2023-10-12,2024,450000.00,,0.00,0.00,450000.00,0.00,0.00,2021-05-20,2021,2021-07-01,2025-06-30,097,Department of Defense,5700,Department of the Air Force,FA9550,FA9550  AFRL AFOSR,097,Department of Defense,5700,Department of the Air Force,F4FGA0,F4FGA0 AFRL AFOSR,057-2021/2022-3600-000,057-3600,25.5: Research and development contracts,0001: BASIC RESEARCH,GS3YEVSS12N6,,"REGENTS OF THE UNIVERSITY OF CALIFORNIA, THE","REGENTS OF THE UNIVERSITY OF CALIFORNIA, THE",NUDGYLBB4S99,,STATE OF CALIFORNIA CONTROLLERS OFFICE,USA,UNITED STATES,1608 4TH ST STE 220,,06000,BERKELEY,06001,ALAMEDA,06,CA,CALIFORNIA,94710,1749,CA-13,CA-12,,,,STATE-WIDE,USA,UNITED STATES,CA*****,,,,06,CALIFORNIA,,CA-90,,,12.800: AIR FORCE DEFENSE RESEARCH SCIENCES PROGRAM,,,04,PROJECT GRANT (B),ALGORITHM DESIGN FOR TIME-VARYING OPTIMIZATION VIA NONLINEAR CONTROL THEORY WITH APPLICATIONS TO DYNAMICAL SYSTEMS AND MACHINE LEARNING,NON,NOT RECOVERY ACT,HN,PUBLIC/STATE CONTROLLED INSTITUTION OF HIGHER EDUCATION;NONPROFIT WITHOUT 501C3 IRS STATUS (OTHER THAN AN INSTITUTION OF HIGHER EDUCATION),2,NON-AGGREGATE RECORD,,,,,,,,,,,https://www.usaspending.gov/award/ASST_NON_FA95502110250_5700/,2023-10-20
ASST_NON_FA95502110230_5700,FA95502110230,,,Q: Not Designated Nonemergency/Emergency/Disaster/Wildfire Suppression,,,,,2024-02-29,2024,6000000.00,,0.00,0.00,6000000.00,0.00,0.00,2021-05-19,2021,2021-06-01,2026-05-31,097,Department of Defense,5700,Department of the Air Force,FA9550,FA9550  AFRL AFOSR,097,Department of Defense,5700,Department of the Air Force,F4FGA0,F4FGA0 AFRL AFOSR,057-2021/2022-3600-000,057-3600,25.5: Research and development contracts,0001: BASIC RESEARCH,GS3YEVSS12N6,,"REGENTS OF THE UNIVERSITY OF CALIFORNIA, THE","REGENTS OF THE UNIVERSITY OF CALIFORNIA, THE",,,,USA,UNITED STATES,1608 4TH ST STE 220,,06000,BERKELEY,06001,ALAMEDA,06,CA,CALIFORNIA,94710,1749,CA-12,CA-12,,,,STATE-WIDE,USA,UNITED STATES,CA*****,,,,06,CALIFORNIA,,CA-90,,,12.800: AIR FORCE DEFENSE RESEARCH SCIENCES PROGRAM,FOAAFRLAFOSR20200002,"TO PRODUCE SIGNIFICANT SCIENTIFIC BREAKTHROUGHS WITH FAR REACHING CONSEQUENCES TO THE FIELDS OF SCIENCE, ECONOMIC GROWTH, AND REVOLUTIONARY NEW MILITARY TECHNOLOGIES.",04,PROJECT GRANT (B),"(MURI-FY21) PROBING, MODELING & REPROGRAMMING VISUAL PERCEPTION AT THE LEVEL OF INDIVIDUAL PHOTORECEPTORS",NON,NOT RECOVERY ACT,HN,PUBLIC/STATE CONTROLLED INSTITUTION OF HIGHER EDUCATION;NONPROFIT WITHOUT 501C3 IRS STATUS (OTHER THAN AN INSTITUTION OF HIGHER EDUCATION),2,NON-AGGREGATE RECORD,,,,,,,,,,,https://www.usaspending.gov/award/ASST_NON_FA95502110230_5700/,2024-03-08
ASST_NON_W911NF2110262_2100,W911NF2110262,,,Q: Not Designated Nonemergency/Emergency/Disaster/Wildfire Suppression,,,,,2023-11-30,2024,299025.06,,0.00,0.00,299025.06,0.00,0.00,2021-05-18,2021,2021-05-20,2026-05-19,097,Department of Defense,2100,Department of the Army,W911NF,W6QK ACC-APG DURHAM,097,Department of Defense,2100,Department of the Army,W36QYT,W262 PROP BK ACCT DURHAM,021-2022/2023-2040-000,021-2040,25.5: Research and development contracts,0008: SOFTWARE AND DIGITAL TECHNOLOGY PILOT PROGRAMS,GS3YEVSS12N6,,"REGENTS OF THE UNIVERSITY OF CALIFORNIA, THE","REGENTS OF THE UNIVERSITY OF CALIFORNIA, THE",NUDGYLBB4S99,,STATE OF CALIFORNIA CONTROLLERS OFFICE,USA,UNITED STATES,1608 4TH ST STE 220,,06000,BERKELEY,06001,ALAMEDA,06,CA,CALIFORNIA,94710,1749,CA-13,CA-12,,,,SINGLE ZIP CODE,USA,UNITED STATES,CA00000,BERKELEY,06001,ALAMEDA,06,CALIFORNIA,947101749,CA-12,CA-12,,12.431: BASIC SCIENTIFIC RESEARCH,,,04,PROJECT GRANT (B),EMERGENT ORDER AND QUANTUM INFORMATION FLOW IN NON-EQUILIBRIUM SYSTEMS,NON,NOT RECOVERY ACT,HN,PUBLIC/STATE CONTROLLED INSTITUTION OF HIGHER EDUCATION;NONPROFIT WITHOUT 501C3 IRS STATUS (OTHER THAN AN INSTITUTION OF HIGHER EDUCATION),2,NON-AGGREGATE RECORD,,,,,,,,,,,https://www.usaspending.gov/award/ASST_NON_W911NF2110262_2100/,2023-12-01
ASST_NON_N000142112381_1700,N000142112381,,,,,,,,2024-04-24,2024,723120.00,,0.00,0.00,723120.00,0.00,0.00,2021-04-05,2021,2021-04-05,2025-04-04,097,Department of Defense,1700,Department of the Navy,N00014,OFFICE OF NAVAL RESEARCH,097,Department of Defense,1700,Department of the Navy,N00014,OFFICE OF NAVAL RESEARCH,,,,,GS3YEVSS12N6,,"REGENTS OF THE UNIVERSITY OF CALIFORNIA, THE","REGENTS OF THE UNIVERSITY OF CALIFORNIA, THE",,,,USA,UNITED STATES,1608 4TH ST STE 220,,06000,BERKELEY,06001,ALAMEDA,06,CA,CALIFORNIA,94710,1749,CA-13,CA-12,,,,STATE-WIDE,USA,UNITED STATES,CA*****,,,,06,CALIFORNIA,,CA-90,,,12.300: BASIC AND APPLIED SCIENTIFIC RESEARCH,N0001420SF004,THIS ANNOUNCEMENT SEEKS PROPOSALS FROM UNIVERSITIES TO PURCHASE EQUIPMENT AND INSTRUMENTATION IN SUPPORT OF RESEARCH IN AREAS OF INTEREST TO THE DOD.,04,PROJECT GRANT (B),ENABLING SCALABLE HESSIAN BASED METHODS FOR DEEP NEURAL NETWORKS TRAINING AND ANALYSIS,NON,NOT RECOVERY ACT,HN,PUBLIC/STATE CONTROLLED INSTITUTION OF HIGHER EDUCATION;NONPROFIT WITHOUT 501C3 IRS STATUS (OTHER THAN AN INSTITUTION OF HIGHER EDUCATION),2,NON-AGGREGATE RECORD,,,,,,,,,,,https://www.usaspending.gov/award/ASST_NON_N000142112381_1700/,2024-04-30
ASST_NON_W911NF2110176_2100,W911NF2110176,,,Q: Not Designated Nonemergency/Emergency/Disaster/Wildfire Suppression,,,,,2024-01-22,2024,600000.00,,0.00,0.00,600000.00,0.00,0.00,2021-04-23,2021,2021-05-01,2024-12-31,097,Department of Defense,2100,Department of the Army,W911NF,W6QK ACC-APG DURHAM,097,Department of Defense,2100,Department of the Army,W36QYT,W262 PROP BK ACCT DURHAM,021-2023/2024-2040-000,021-2040,25.5: Research and development contracts,0007: OPERATIONAL SYSTEM DEVELOPMENT;0008: SOFTWARE AND DIGITAL TECHNOLOGY PILOT PROGRAMS,GS3YEVSS12N6,,"REGENTS OF THE UNIVERSITY OF CALIFORNIA, THE","REGENTS OF THE UNIVERSITY OF CALIFORNIA, THE",NUDGYLBB4S99,,STATE OF CALIFORNIA CONTROLLERS OFFICE,USA,UNITED STATES,1608 4TH ST STE 220,,06000,BERKELEY,06001,ALAMEDA,06,CA,CALIFORNIA,94710,1749,CA-13,CA-12,,,,SINGLE ZIP CODE,USA,UNITED STATES,CA00000,BERKELEY,06001,ALAMEDA,06,CALIFORNIA,947101749,CA-12,CA-12,,12.431: BASIC SCIENTIFIC RESEARCH,,,04,PROJECT GRANT (B),RHOMBOHEDRAL TETRA LAYER GRAPHENE/BORON NITRIDE MOIRE SUPERLATTICES FOR HIGH-TEMPERATURE QUANTUM ANOMALOUS HALL AND FRACTIONAL CHERN INSULATOR,NON,NOT RECOVERY ACT,HN,PUBLIC/STATE CONTROLLED INSTITUTION OF HIGHER EDUCATION;NONPROFIT WITHOUT 501C3 IRS STATUS (OTHER THAN AN INSTITUTION OF HIGHER EDUCATION),2,NON-AGGREGATE RECORD,,,,,,,,,,,https://www.usaspending.gov/award/ASST_NON_W911NF2110176_2100/,2024-01-31
ASST_NON_W911NF2110118_2100,W911NF2110118,,,Q: Not Designated Nonemergency/Emergency/Disaster/Wildfire Suppression,,,,,2024-02-06,2024,450000.00,,0.00,0.00,450000.00,0.00,0.00,2021-04-27,2021,2021-04-28,2024-12-31,097,Department of Defense,2100,Department of the Army,W911NF,W6QK ACC-APG DURHAM,097,Department of Defense,2100,Department of the Army,W36QYT,W262 PROP BK ACCT DURHAM,021-2023/2024-2040-000,021-2040,25.5: Research and development contracts,0007: OPERATIONAL SYSTEM DEVELOPMENT;0008: SOFTWARE AND DIGITAL TECHNOLOGY PILOT PROGRAMS,GS3YEVSS12N6,,"REGENTS OF THE UNIVERSITY OF CALIFORNIA, THE","REGENTS OF THE UNIVERSITY OF CALIFORNIA, THE",,,,USA,UNITED STATES,1608 4TH ST STE 220,,06000,BERKELEY,06001,ALAMEDA,06,CA,CALIFORNIA,94710,1749,CA-12,CA-12,,,,SINGLE ZIP CODE,USA,UNITED STATES,CA00000,BERKELEY,06001,ALAMEDA,06,CALIFORNIA,947101749,CA-12,CA-12,,12.431: BASIC SCIENTIFIC RESEARCH,,,04,PROJECT GRANT (B),NOVEL (MULTI-)CALORIC PHENOMENA IN COMPLEX-OXIDE MATERIALS,NON,NOT RECOVERY ACT,HN,PUBLIC/STATE CONTROLLED INSTITUTION OF HIGHER EDUCATION;NONPROFIT WITHOUT 501C3 IRS STATUS (OTHER THAN AN INSTITUTION OF HIGHER EDUCATION),2,NON-AGGREGATE RECORD,,,,,,,,,,,https://www.usaspending.gov/award/ASST_NON_W911NF2110118_2100/,2024-02-09
ASST_NON_W911NF2110128_2100,W911NF2110128,,,Q: Not Designated Nonemergency/Emergency/Disaster/Wildfire Suppression,,,,,2023-12-05,2024,810000.00,,0.00,0.00,810000.00,0.00,0.00,2021-04-16,2021,2021-05-01,2024-10-30,097,Department of Defense,2100,Department of the Army,W911NF,W6QK ACC-APG DURHAM,097,Department of Defense,2100,Department of the Army,W36QYT,W262 PROP BK ACCT DURHAM,021-2023/2024-2040-000,021-2040,25.5: Research and development contracts,0007: OPERATIONAL SYSTEM DEVELOPMENT;0008: SOFTWARE AND DIGITAL TECHNOLOGY PILOT PROGRAMS,GS3YEVSS12N6,,"REGENTS OF THE UNIVERSITY OF CALIFORNIA, THE","REGENTS OF THE UNIVERSITY OF CALIFORNIA, THE",NUDGYLBB4S99,,STATE OF CALIFORNIA CONTROLLERS OFFICE,USA,UNITED STATES,1608 4TH ST STE 220,,06000,BERKELEY,06001,ALAMEDA,06,CA,CALIFORNIA,94710,1749,CA-13,CA-12,,,,SINGLE ZIP CODE,USA,UNITED STATES,CA00000,BERKELEY,06001,ALAMEDA,06,CALIFORNIA,947101749,CA-12,CA-12,,12.431: BASIC SCIENTIFIC RESEARCH,,,04,PROJECT GRANT (B),RATIONAL DESIGN OF ENZYME-CONTAINING MATERIALS,NON,NOT RECOVERY ACT,HN,PUBLIC/STATE CONTROLLED INSTITUTION OF HIGHER EDUCATION;NONPROFIT WITHOUT 501C3 IRS STATUS (OTHER THAN AN INSTITUTION OF HIGHER EDUCATION),2,NON-AGGREGATE RECORD,,,,,,,,,,,https://www.usaspending.gov/award/ASST_NON_W911NF2110128_2100/,2023-12-14
ASST_NON_W911NF2110117_2100,W911NF2110117,,,Q: Not Designated Nonemergency/Emergency/Disaster/Wildfire Suppression,,,,,2023-11-16,2024,316090.77,,0.00,0.00,316090.77,0.00,0.00,2021-03-18,2021,2021-03-25,2024-10-24,097,Department of Defense,2100,Department of the Army,W911NF,W6QK ACC-APG DURHAM,097,Department of Defense,2100,Department of the Army,W36QYT,W262 PROP BK ACCT DURHAM,021-2021/2022-2040-000;021-2023/2024-2040-000,021-2040,25.5: Research and development contracts,0001: BASIC RESEARCH;0008: SOFTWARE AND DIGITAL TECHNOLOGY PILOT PROGRAMS,GS3YEVSS12N6,,"REGENTS OF THE UNIVERSITY OF CALIFORNIA, THE","REGENTS OF THE UNIVERSITY OF CALIFORNIA, THE",NUDGYLBB4S99,,STATE OF CALIFORNIA CONTROLLERS OFFICE,USA,UNITED STATES,1608 4TH ST STE 220,,06000,BERKELEY,06001,ALAMEDA,06,CA,CALIFORNIA,94710,1749,CA-13,CA-12,,,,SINGLE ZIP CODE,USA,UNITED STATES,CA00000,BERKELEY,06001,ALAMEDA,06,CALIFORNIA,947101749,CA-12,CA-12,,12.431: BASIC SCIENTIFIC RESEARCH,,,04,PROJECT GRANT (B),"PROPOSAL ENTITLED NEXT GENERATION OF FAST, LOW-POWER, AND DISTRIBUTED SIGNAL RECOVERY AND CLASSIFICATION USING ARTIFICIAL INTELLIGENCE",NON,NOT RECOVERY ACT,HN,PUBLIC/STATE CONTROLLED INSTITUTION OF HIGHER EDUCATION;NONPROFIT WITHOUT 501C3 IRS STATUS (OTHER THAN AN INSTITUTION OF HIGHER EDUCATION),2,NON-AGGREGATE RECORD,,,,,,,,,,,https://www.usaspending.gov/award/ASST_NON_W911NF2110117_2100/,2023-12-01
ASST_NON_W911NF2110097_2100,W911NF2110097,,,Q: Not Designated Nonemergency/Emergency/Disaster/Wildfire Suppression,,,,,2024-01-22,2024,450000.00,,0.00,0.00,450000.00,0.00,0.00,2021-02-11,2021,2021-02-16,2024-08-15,097,Department of Defense,2100,Department of the Army,W911NF,W6QK ACC-APG DURHAM,097,Department of Defense,2100,Department of the Army,W36QYT,W262 PROP BK ACCT DURHAM,021-2023/2024-2040-000,021-2040,25.5: Research and development contracts,0007: OPERATIONAL SYSTEM DEVELOPMENT;0008: SOFTWARE AND DIGITAL TECHNOLOGY PILOT PROGRAMS,GS3YEVSS12N6,,"REGENTS OF THE UNIVERSITY OF CALIFORNIA, THE","REGENTS OF THE UNIVERSITY OF CALIFORNIA, THE",NUDGYLBB4S99,,STATE OF CALIFORNIA CONTROLLERS OFFICE,USA,UNITED STATES,1608 4TH ST STE 220,,06000,BERKELEY,06001,ALAMEDA,06,CA,CALIFORNIA,94710,1749,CA-13,CA-12,,,,SINGLE ZIP CODE,USA,UNITED STATES,CA00000,BERKELEY,06001,ALAMEDA,06,CALIFORNIA,947101749,CA-12,CA-12,,12.431: BASIC SCIENTIFIC RESEARCH,,,04,PROJECT GRANT (B),NEW START GRANT ENTITLED ONLINE META-LEARNING FOR CONTINUOUS ADAPTATION IN MULTI-TASK SETTINGS.,NON,NOT RECOVERY ACT,HN,PUBLIC/STATE CONTROLLED INSTITUTION OF HIGHER EDUCATION;NONPROFIT WITHOUT 501C3 IRS STATUS (OTHER THAN AN INSTITUTION OF HIGHER EDUCATION),2,NON-AGGREGATE RECORD,,,,,,,,,,,https://www.usaspending.gov/award/ASST_NON_W911NF2110097_2100/,2024-01-31
ASST_NON_N000141912199_1700,N000141912199,,,Q: Not Designated Nonemergency/Emergency/Disaster/Wildfire Suppression,,,,,2024-01-10,2024,659999.66,,0.00,0.00,659999.66,0.00,0.00,2019-04-12,2019,2019-04-15,2022-04-14,097,Department of Defense,1700,Department of the Navy,N00014,OFFICE OF NAVAL RESEARCH,097,Department of Defense,1700,Department of the Navy,N00014,OFFICE OF NAVAL RESEARCH,017-2020/2021-1319-000;017-2021/2022-1319-000,017-1319,"41.0: Grants, subsidies, and contributions",0001: BASIC RESEARCH,GS3YEVSS12N6,,"REGENTS OF THE UNIVERSITY OF CALIFORNIA, THE","REGENTS OF THE UNIVERSITY OF CALIFORNIA, THE",NUDGYLBB4S99,,STATE OF CALIFORNIA CONTROLLERS OFFICE,USA,UNITED STATES,1608 4TH ST STE 220,,06000,BERKELEY,06001,ALAMEDA,06,CA,CALIFORNIA,94710,1749,CA-13,CA-12,,,,STATE-WIDE,USA,UNITED STATES,CA*****,,,,06,CALIFORNIA,,CA-90,,,12.300: BASIC AND APPLIED SCIENTIFIC RESEARCH,N0001418SF009,THIS PUBLICATION CONSTITUTES A FUNDING OPPORTUNITY,04,PROJECT GRANT (B),VAN DER WAALS ENGINEERING FOR ELECTROCHEMICALLY TUNABLE QUANTUM MATERIALS,NON,NOT RECOVERY ACT,HN,PUBLIC/STATE CONTROLLED INSTITUTION OF HIGHER EDUCATION;NONPROFIT WITHOUT 501C3 IRS STATUS (OTHER THAN AN INSTITUTION OF HIGHER EDUCATION),2,NON-AGGREGATE RECORD,,,,,,,,,,,https://www.usaspending.gov/award/ASST_NON_N000141912199_1700/,2024-01-17
ASST_NON_FA95502110029_5700,FA95502110029,,,,,,,,2023-11-16,2024,75000.00,,0.00,0.00,75000.00,0.00,0.00,2020-11-13,2021,2020-11-15,2021-11-14,097,Department of Defense,5700,Department of the Air Force,FA9550,FA9550  AFRL AFOSR,097,Department of Defense,5700,Department of the Air Force,F4FGA0,F4FGA0 AFRL AFOSR,,,,,GS3YEVSS12N6,,"REGENTS OF THE UNIVERSITY OF CALIFORNIA, THE","REGENTS OF THE UNIVERSITY OF CALIFORNIA, THE",NUDGYLBB4S99,,STATE OF CALIFORNIA CONTROLLERS OFFICE,USA,UNITED STATES,1608 4TH ST STE 220,,06000,BERKELEY,06001,ALAMEDA,06,CA,CALIFORNIA,94710,1749,CA-13,CA-12,,,,STATE-WIDE,USA,UNITED STATES,CA*****,,,,06,CALIFORNIA,,CA-90,,,12.800: AIR FORCE DEFENSE RESEARCH SCIENCES PROGRAM,,,04,PROJECT GRANT (B),"""[QUANTUM ACCELERATOR] QUANTUM MEMORIES FOR SUPERCONDUCTING QUANTUM NETWORKS"" DATED 2 OCT 2020 (THE GRANTEE'S TECHNICAL PROPOSAL) IS HEREBY INCORPORAT",NON,NOT RECOVERY ACT,HN,PUBLIC/STATE CONTROLLED INSTITUTION OF HIGHER EDUCATION;NONPROFIT WITHOUT 501C3 IRS STATUS (OTHER THAN AN INSTITUTION OF HIGHER EDUCATION),2,NON-AGGREGATE RECORD,,,,,,,,,,,https://www.usaspending.gov/award/ASST_NON_FA95502110029_5700/,2023-12-01
ASST_NON_N000142012853_1700,N000142012853,,,,,,,,2024-02-23,2024,225000.00,,0.00,0.00,225000.00,0.00,0.00,2020-09-15,2020,2020-09-15,2021-09-14,097,Department of Defense,1700,Department of the Navy,N00014,OFFICE OF NAVAL RESEARCH,097,Department of Defense,1700,Department of the Navy,N00014,OFFICE OF NAVAL RESEARCH,,,,,GS3YEVSS12N6,,"REGENTS OF THE UNIVERSITY OF CALIFORNIA, THE","REGENTS OF THE UNIVERSITY OF CALIFORNIA, THE",,,,USA,UNITED STATES,1608 4TH ST STE 220,,06000,BERKELEY,06001,ALAMEDA,06,CA,CALIFORNIA,94710,1749,CA-12,CA-12,,,,STATE-WIDE,USA,UNITED STATES,CA*****,,,,06,CALIFORNIA,,CA-90,,,12.300: BASIC AND APPLIED SCIENTIFIC RESEARCH,N0001420SB001,,04,PROJECT GRANT (B),THREE DIMENSIONALLY INTEGRATED XNOR LOGIC CIRCUITS,NON,NOT RECOVERY ACT,HN,PUBLIC/STATE CONTROLLED INSTITUTION OF HIGHER EDUCATION;NONPROFIT WITHOUT 501C3 IRS STATUS (OTHER THAN AN INSTITUTION OF HIGHER EDUCATION),2,NON-AGGREGATE RECORD,,,,,,,,,,,https://www.usaspending.gov/award/ASST_NON_N000142012853_1700/,2024-02-29
ASST_NON_HR00112020054_97AE,HR00112020054,,,Q: Not Designated Nonemergency/Emergency/Disaster/Wildfire Suppression,,,,,2024-04-12,2024,6995216.00,3806597.47,0.00,0.00,6995216.00,0.00,0.00,2020-09-28,2020,2020-09-25,2024-09-24,097,Department of Defense,97AE,Defense Advanced Research Projects Agency,HR0011,DEF ADVANCED RESEARCH PROJECTS AGCY,097,Department of Defense,97AE,Defense Advanced Research Projects Agency,HR0011,DEF ADVANCED RESEARCH PROJECTS AGCY,097-2020/2021-0400-000;097-2021/2022-0400-000;097-2022/2023-0400-000;097-2023/2024-0400-000,097-0400,"41.0: Grants, subsidies, and contributions",0001: BASIC RESEARCH;0099: N/A;OPTN: FIELD IS OPTIONAL PRIOR TO FY21,GS3YEVSS12N6,,"REGENTS OF THE UNIVERSITY OF CALIFORNIA, THE","REGENTS OF THE UNIVERSITY OF CALIFORNIA, THE",,,,USA,UNITED STATES,1608 4TH ST STE 220,,06000,BERKELEY,06001,ALAMEDA,06,CA,CALIFORNIA,94710,1749,CA-12,CA-12,,,,SINGLE ZIP CODE,USA,UNITED STATES,CA00000,BERKELEY,06001,ALAMEDA,06,CALIFORNIA,947101749,CA-12,CA-12,,12.910: RESEARCH AND TECHNOLOGY DEVELOPMENT,,,05,COOPERATIVE AGREEMENT (B),THE PURPOSE OF THIS AGREEMENT IS TO FUND FUNDAMENTAL RESEARCH SUPPORTING THE DEFENSE ADVANCED RESEARCH PROJECTS AGENCY DARPA SEMANTIC FORENSICS SEMAFOR PROGRAM.,NON,NOT RECOVERY ACT,HN,PUBLIC/STATE CONTROLLED INSTITUTION OF HIGHER EDUCATION;NONPROFIT WITHOUT 501C3 IRS STATUS (OTHER THAN AN INSTITUTION OF HIGHER EDUCATION),2,NON-AGGREGATE RECORD,,,,,,,,,,,https://www.usaspending.gov/award/ASST_NON_HR00112020054_97AE/,2024-05-21
ASST_NON_N000142012775_1700,N000142012775,,,,,,,,2024-02-23,2024,2550000.00,,0.00,0.00,2550000.00,0.00,0.00,2020-07-29,2020,2020-07-29,2023-05-30,097,Department of Defense,1700,Department of the Navy,N00014,OFFICE OF NAVAL RESEARCH,097,Department of Defense,1700,Department of the Navy,N00014,OFFICE OF NAVAL RESEARCH,,,,,GS3YEVSS12N6,,"REGENTS OF THE UNIVERSITY OF CALIFORNIA, THE","REGENTS OF THE UNIVERSITY OF CALIFORNIA, THE",,,,USA,UNITED STATES,1608 4TH ST STE 220,,06000,BERKELEY,06001,ALAMEDA,06,CA,CALIFORNIA,94710,1749,CA-12,CA-12,,,,STATE-WIDE,USA,UNITED STATES,CA*****,,,,06,CALIFORNIA,,CA-90,,,12.300: BASIC AND APPLIED SCIENTIFIC RESEARCH,N0001420SB001,,04,PROJECT GRANT (B),NEGATIVE CAPACITANCE MEMORY TECHNOLOGY FOR NEXT GENERATION ARTIFICIAL INTELLIGENCE HARDWARE,NON,NOT RECOVERY ACT,HN,PUBLIC/STATE CONTROLLED INSTITUTION OF HIGHER EDUCATION;NONPROFIT WITHOUT 501C3 IRS STATUS (OTHER THAN AN INSTITUTION OF HIGHER EDUCATION),2,NON-AGGREGATE RECORD,,,,,,,,,,,https://www.usaspending.gov/award/ASST_NON_N000142012775_1700/,2024-02-29
ASST_NON_N000142012806_1700,N000142012806,,,,,,,,2023-10-20,2024,626615.00,,38323.18,0.00,626615.00,0.00,0.00,2020-07-31,2020,2020-08-01,2024-07-31,097,Department of Defense,1700,Department of the Navy,N00014,OFFICE OF NAVAL RESEARCH,097,Department of Defense,1700,Department of the Navy,N00014,OFFICE OF NAVAL RESEARCH,,,,,GS3YEVSS12N6,,"REGENTS OF THE UNIVERSITY OF CALIFORNIA, THE","REGENTS OF THE UNIVERSITY OF CALIFORNIA, THE",NUDGYLBB4S99,,STATE OF CALIFORNIA CONTROLLERS OFFICE,USA,UNITED STATES,1608 4TH ST STE 220,,06000,BERKELEY,06001,ALAMEDA,06,CA,CALIFORNIA,94710,1749,CA-13,CA-12,,,,STATE-WIDE,USA,UNITED STATES,CA*****,,,,06,CALIFORNIA,,CA-90,,,12.300: BASIC AND APPLIED SCIENTIFIC RESEARCH,N0001420SB001,THE GOAL AND OBJECTIVE IS TO RECEIVE PROPOSALS FOR,04,PROJECT GRANT (B),NUCLEAR HYPERPOLARIZATION ASSISTED HYBRID QUANTUM SENSOR MAGNETOMETRY,NON,NOT RECOVERY ACT,HN,PUBLIC/STATE CONTROLLED INSTITUTION OF HIGHER EDUCATION;NONPROFIT WITHOUT 501C3 IRS STATUS (OTHER THAN AN INSTITUTION OF HIGHER EDUCATION),2,NON-AGGREGATE RECORD,,,,,,,,,,,https://www.usaspending.gov/award/ASST_NON_N000142012806_1700/,2023-11-01
ASST_NON_W911NF2010266_2100,W911NF2010266,,,Q: Not Designated Nonemergency/Emergency/Disaster/Wildfire Suppression,,,,,2024-01-04,2024,657600.00,,0.00,0.00,657600.00,0.00,0.00,2020-06-24,2020,2020-07-01,2025-10-31,097,Department of Defense,2100,Department of the Army,W911NF,W6QK ACC-APG DURHAM,097,Department of Defense,2100,Department of the Army,W36QYT,W262 PROP BK ACCT DURHAM,021-2020/2021-2040-000;021-2023/2024-2040-000,021-2040,25.5: Research and development contracts,0007: OPERATIONAL SYSTEM DEVELOPMENT;0008: SOFTWARE AND DIGITAL TECHNOLOGY PILOT PROGRAMS,GS3YEVSS12N6,,"REGENTS OF THE UNIVERSITY OF CALIFORNIA, THE","REGENTS OF THE UNIVERSITY OF CALIFORNIA, THE",NUDGYLBB4S99,,STATE OF CALIFORNIA CONTROLLERS OFFICE,USA,UNITED STATES,1608 4TH ST STE 220,,06000,BERKELEY,06001,ALAMEDA,06,CA,CALIFORNIA,94710,1749,CA-13,CA-12,,,,SINGLE ZIP CODE,USA,UNITED STATES,CA00000,BERKELEY,06001,ALAMEDA,06,CALIFORNIA,947101749,CA-12,CA-12,,12.431: BASIC SCIENTIFIC RESEARCH,,,04,PROJECT GRANT (B),DEGENERATE QUANTUM GASES OF TRANSITION METAL ATOMS,NON,NOT RECOVERY ACT,HN,PUBLIC/STATE CONTROLLED INSTITUTION OF HIGHER EDUCATION;NONPROFIT WITHOUT 501C3 IRS STATUS (OTHER THAN AN INSTITUTION OF HIGHER EDUCATION),2,NON-AGGREGATE RECORD,,,,,,,,,,,https://www.usaspending.gov/award/ASST_NON_W911NF2010266_2100/,2024-01-17
ASST_NON_HR00112020023_97AE,HR00112020023,,,Q: Not Designated Nonemergency/Emergency/Disaster/Wildfire Suppression,,,,,2024-03-26,2024,4086509.00,1809023.35,0.00,0.00,4086509.00,0.00,0.00,2020-04-14,2020,2020-04-14,2025-04-01,097,Department of Defense,97AE,Defense Advanced Research Projects Agency,HR0011,DEF ADVANCED RESEARCH PROJECTS AGCY,097,Department of Defense,97AE,Defense Advanced Research Projects Agency,HR0011,DEF ADVANCED RESEARCH PROJECTS AGCY,097-2019/2020-0400-000;097-2020/2021-0400-000;097-2021/2022-0400-000;097-2022/2023-0400-000;097-2023/2024-0400-000,097-0400,"25.5: Research and development contracts;41.0: Grants, subsidies, and contributions",0001: BASIC RESEARCH;0099: N/A;009S: MISCELLANEOUS;00CA: N/A,GS3YEVSS12N6,,"REGENTS OF THE UNIVERSITY OF CALIFORNIA, THE","REGENTS OF THE UNIVERSITY OF CALIFORNIA, THE",,,,USA,UNITED STATES,1608 4TH ST STE 220,,06000,BERKELEY,06001,ALAMEDA,06,CA,CALIFORNIA,94710,1749,CA-13,CA-12,,,,SINGLE ZIP CODE,USA,UNITED STATES,CA00000,BERKELEY,06001,ALAMEDA,06,CALIFORNIA,947101749,CA-12,CA-12,,12.910: RESEARCH AND TECHNOLOGY DEVELOPMENT,,,05,COOPERATIVE AGREEMENT (B),THE PURPOSE OF THIS AGREEMENT IS TO FUND RESEARCH SUPPORTING THE DEFENSE ADVANCED RESEARCH PROJECTS AGENCY DARPA INFORMATION INNOVATION OFFICE I2O FOR THE VERIFYING COMPUTATIONS SECURELY AND ROBUSTLY IN POST QUANTUM ERA PROJECT.,NON,NOT RECOVERY ACT,HN,PUBLIC/STATE CONTROLLED INSTITUTION OF HIGHER EDUCATION;NONPROFIT WITHOUT 501C3 IRS STATUS (OTHER THAN AN INSTITUTION OF HIGHER EDUCATION),2,NON-AGGREGATE RECORD,,,,,,,,,,,https://www.usaspending.gov/award/ASST_NON_HR00112020023_97AE/,2024-03-28
ASST_NON_N000141912503_1700,N000141912503,,,,,,,,2024-04-05,2024,1049999.71,0.00,0.00,0.00,1049999.71,0.00,0.00,2019-07-02,2019,2019-07-08,2023-07-07,097,Department of Defense,1700,Department of the Navy,N00014,OFFICE OF NAVAL RESEARCH,097,Department of Defense,1700,Department of the Navy,N00014,OFFICE OF NAVAL RESEARCH,017-2018/2019-1319-000,017-1319,"41.0: Grants, subsidies, and contributions",,GS3YEVSS12N6,,"REGENTS OF THE UNIVERSITY OF CALIFORNIA, THE","REGENTS OF THE UNIVERSITY OF CALIFORNIA, THE",,,,USA,UNITED STATES,1608 4TH ST STE 220,,06000,BERKELEY,06001,ALAMEDA,06,CA,CALIFORNIA,94710,1749,CA-13,CA-12,,,,STATE-WIDE,USA,UNITED STATES,CA*****,,,,06,CALIFORNIA,,CA-90,,,12.300: BASIC AND APPLIED SCIENTIFIC RESEARCH,N0001419SB001,"THIS PUBLICATION CONSTITUTES A BROAD AGENCY ANNOUNCEMENT (BAA) FOR AWARDS BY THE ONR CONTACT AND GRANTS AWARDS MANAGEMENT DIVISION, ONR CODE 25 (OR OTHERWISE APPROVED BY CODE 25) AS CONTEMPLATED IN FEDERAL ACQUISITION REGULATION (FAR) 6.102(D)(2) AND 35.016, THE DEPARTMENT OF DEFENSE GRANTS AND AGREEMENTS REGULATIONS (DODGARS) 32 CFR 22.3.",04,PROJECT GRANT (B),PROGRAMMABLE ASSEMBLY OF GRAPHENE NANORIBBON-BASED ELECTRONICS,NON,NOT RECOVERY ACT,HN,PUBLIC/STATE CONTROLLED INSTITUTION OF HIGHER EDUCATION;NONPROFIT WITHOUT 501C3 IRS STATUS (OTHER THAN AN INSTITUTION OF HIGHER EDUCATION),2,NON-AGGREGATE RECORD,,,,,,,,,,,https://www.usaspending.gov/award/ASST_NON_N000141912503_1700/,2024-04-18
ASST_NON_HDTRA11910011_9761,HDTRA11910011,,,Q: Not Designated Nonemergency/Emergency/Disaster/Wildfire Suppression,,,,,2024-02-29,2024,2484465.00,,0.00,0.00,2484465.00,0.00,0.00,2019-02-06,2019,2019-02-07,2024-09-30,097,Department of Defense,9761,Defense Threat Reduction Agency,HDTRA1,DEFENSE THREAT REDUCTION AGENCY,097,Department of Defense,9761,Defense Threat Reduction Agency,HDTRA1,DEFENSE THREAT REDUCTION AGENCY,097-2020/2021-0400-000;097-2021/2022-0400-000;097-2022/2023-0400-000;097-2023/2024-0400-000,097-0400,"41.0: Grants, subsidies, and contributions",0001: BASIC RESEARCH;0099: N/A,GS3YEVSS12N6,,"REGENTS OF THE UNIVERSITY OF CALIFORNIA, THE","REGENTS OF THE UNIVERSITY OF CALIFORNIA, THE",,,,USA,UNITED STATES,1608 4TH ST STE 220,,06000,BERKELEY,06001,ALAMEDA,06,CA,CALIFORNIA,94710,1749,CA-13,CA-12,,,,SINGLE ZIP CODE,USA,UNITED STATES,CA00000,BERKELEY,06001,ALAMEDA,06,CALIFORNIA,947101749,CA-12,CA-12,,12.351: SCIENTIFIC RESEARCH - COMBATING WEAPONS OF MASS DESTRUCTION,,,04,PROJECT GRANT (B),RATIONAL DESIGN OF STATISTICAL HETEROPOLYMERS AS BIOMIMETIC ENZYMES AND BINDERS,NON,NOT RECOVERY ACT,H,PUBLIC/STATE CONTROLLED INSTITUTION OF HIGHER EDUCATION,2,NON-AGGREGATE RECORD,,,,,,,,,,,https://www.usaspending.gov/award/ASST_NON_HDTRA11910011_9761/,2024-03-08
ASST_NON_HDTRA11510009_9761,HDTRA11510009,,,,,,,,2023-12-04,2024,298686.29,,0.00,0.00,298686.29,0.00,0.00,2017-11-15,2018,2014-12-05,2019-12-04,097,Department of Defense,9761,Defense Threat Reduction Agency,HDTRA1,DEFENSE THREAT REDUCTION AGENCY,097,Department of Defense,9761,Defense Threat Reduction Agency,HDTRA1,DEFENSE THREAT REDUCTION AGENCY,,,,,GS3YEVSS12N6,,"REGENTS OF THE UNIVERSITY OF CALIFORNIA, THE","REGENTS OF THE UNIVERSITY OF CALIFORNIA, THE",NUDGYLBB4S99,,STATE OF CALIFORNIA CONTROLLERS OFFICE,USA,UNITED STATES,2150 SHATTUCK AVE RM 313,,06000,BERKELEY,06001,ALAMEDA,06,CA,CALIFORNIA,94704,5940,CA-13,CA-12,,,,SINGLE ZIP CODE,USA,UNITED STATES,CA00000,BERKELEY,06001,ALAMEDA,06,CALIFORNIA,947101749,CA-12,CA-12,,12.351: SCIENTIFIC RESEARCH - COMBATING WEAPONS OF MASS DESTRUCTION,,,04,PROJECT GRANT (B),COHERENT MAGNON INTERFEROMETRY IN A DENSE QUANTUM GAS,NON,NOT RECOVERY ACT,H,PUBLIC/STATE CONTROLLED INSTITUTION OF HIGHER EDUCATION,2,NON-AGGREGATE RECORD,,,,,,,,,,,https://www.usaspending.gov/award/ASST_NON_HDTRA11510009_9761/,2023-12-14
ASST_NON_N000141812526_1700,N000141812526,,,,,,,,2024-02-29,2024,439999.71,,0.00,0.00,439999.71,0.00,0.00,2018-05-11,2018,2018-05-11,2022-08-31,097,Department of Defense,1700,Department of the Navy,N00014,OFFICE OF NAVAL RESEARCH,097,Department of Defense,1700,Department of the Navy,N00014,OFFICE OF NAVAL RESEARCH,,,,,GS3YEVSS12N6,,"REGENTS OF THE UNIVERSITY OF CALIFORNIA, THE","REGENTS OF THE UNIVERSITY OF CALIFORNIA, THE",,,,USA,UNITED STATES,2150 SHATTUCK AVE RM 313,,06000,BERKELEY,06001,ALAMEDA,06,CA,CALIFORNIA,94704,5940,CA-12,CA-12,,,,STATE-WIDE,USA,UNITED STATES,CA*****,,,,06,CALIFORNIA,,CA-90,,,12.300: BASIC AND APPLIED SCIENTIFIC RESEARCH,N0001421SB001,"THIS PUBLICATION CONSTITUTES A BROAD AGENCY ANNOUNCEMENT (BAA) FOR AWARDS BY THE OFFICE OF NAVAL RESEARCH (ONR) CONTACT AND GRANTS AWARDS MANAGEMENT DIVISION, ONR CODE 25 (OR OTHERWISE APPROVED BY CODE 25),  ONR GLOBAL (ONRG) AND THE MARINE CORPS WARFIGHTING LAB (MCWL)",04,PROJECT GRANT (B),FAST LEARNING ALGORITHMS WITH APPLICATIONS TO HUMAN-ROBOT INTERACTIONS,NON,NOT RECOVERY ACT,H,PUBLIC/STATE CONTROLLED INSTITUTION OF HIGHER EDUCATION,2,NON-AGGREGATE RECORD,,,,,,,,,,,https://www.usaspending.gov/award/ASST_NON_N000141812526_1700/,2024-03-08
ASST_NON_N000141812214_1700,N000141812214,,,,,,,,2023-12-05,2024,950829.07,,0.00,0.00,950829.07,0.00,0.00,2018-03-26,2018,2018-03-26,2023-05-31,097,Department of Defense,1700,Department of the Navy,N00014,OFFICE OF NAVAL RESEARCH,097,Department of Defense,1700,Department of the Navy,N00014,OFFICE OF NAVAL RESEARCH,,,,,GS3YEVSS12N6,,"REGENTS OF THE UNIVERSITY OF CALIFORNIA, THE","REGENTS OF THE UNIVERSITY OF CALIFORNIA, THE",NUDGYLBB4S99,,STATE OF CALIFORNIA CONTROLLERS OFFICE,USA,UNITED STATES,2150 SHATTUCK AVE RM 313,,06000,BERKELEY,06001,ALAMEDA,06,CA,CALIFORNIA,94704,5940,CA-13,CA-12,,,,STATE-WIDE,USA,UNITED STATES,CA*****,,,,06,CALIFORNIA,,CA-90,,,12.300: BASIC AND APPLIED SCIENTIFIC RESEARCH,N0001417SBA13,BROAD AGENCY ANNOUNCEMENT (BAA) FOR THE OFFICE OF,04,PROJECT GRANT (B),REACHABILITY TOOLS FOR GUARANTEEING PERFORMANCE AND SAFETY OF MULTIBODY CONTROL SYSTEMS,NON,NOT RECOVERY ACT,H,PUBLIC/STATE CONTROLLED INSTITUTION OF HIGHER EDUCATION,2,NON-AGGREGATE RECORD,,,,,,,,,,,https://www.usaspending.gov/award/ASST_NON_N000141812214_1700/,2023-12-14
ASST_NON_N000141812209_1700,N000141812209,,,,,,,,2023-10-31,2024,1212547.98,,0.00,0.00,1212547.98,0.00,0.00,2018-03-26,2018,2018-03-26,2022-05-31,097,Department of Defense,1700,Department of the Navy,N00014,OFFICE OF NAVAL RESEARCH,097,Department of Defense,1700,Department of the Navy,N00014,OFFICE OF NAVAL RESEARCH,,,,,GS3YEVSS12N6,,"REGENTS OF THE UNIVERSITY OF CALIFORNIA, THE","REGENTS OF THE UNIVERSITY OF CALIFORNIA, THE",NUDGYLBB4S99,,STATE OF CALIFORNIA CONTROLLERS OFFICE,USA,UNITED STATES,2150 SHATTUCK AVE RM 313,,06000,BERKELEY,06001,ALAMEDA,06,CA,CALIFORNIA,94704,5940,CA-13,CA-12,,,,STATE-WIDE,USA,UNITED STATES,CA*****,,,,06,CALIFORNIA,,CA-90,,,12.300: BASIC AND APPLIED SCIENTIFIC RESEARCH,N0001417SBA13,BASIC RESEARCH CHALLENGE N0001417SBA13.,04,PROJECT GRANT (B),FINITE-HORIZON ROBUSTNESS: MOVING BEYOND TRADITIONAL STABILITY ANALYSIS,NON,NOT RECOVERY ACT,H,PUBLIC/STATE CONTROLLED INSTITUTION OF HIGHER EDUCATION,2,NON-AGGREGATE RECORD,,,,,,,,,,,https://www.usaspending.gov/award/ASST_NON_N000141812209_1700/,2023-11-01
ASST_NON_N000141712401_1700,N000141712401,,,Q: Not Designated Nonemergency/Emergency/Disaster/Wildfire Suppression,,,,,2023-12-19,2024,715783.48,,0.00,0.00,715783.48,0.00,0.00,2017-03-22,2017,2017-03-22,2021-12-31,097,Department of Defense,1700,Department of the Navy,N00014,OFFICE OF NAVAL RESEARCH,097,Department of Defense,1700,Department of the Navy,N00014,OFFICE OF NAVAL RESEARCH,017-2020/2021-1319-000;017-2021/2022-1319-000,017-1319,"41.0: Grants, subsidies, and contributions",0001: BASIC RESEARCH,GS3YEVSS12N6,,"REGENTS OF THE UNIVERSITY OF CALIFORNIA, THE","REGENTS OF THE UNIVERSITY OF CALIFORNIA, THE",NUDGYLBB4S99,,STATE OF CALIFORNIA CONTROLLERS OFFICE,USA,UNITED STATES,2150 SHATTUCK AVE RM 313,,06000,BERKELEY,06001,ALAMEDA,06,CA,CALIFORNIA,94704,5940,CA-13,CA-12,,,,STATE-WIDE,USA,UNITED STATES,CA*****,,,,06,CALIFORNIA,,CA-90,,,12.300: BASIC AND APPLIED SCIENTIFIC RESEARCH,N0001417SB001,THE OFFICE OF NAVAL RESEARCH (ONR) IS INTERESTED I,04,PROJECT GRANT (B),ADAPTIVE SENSING FOR HIGH-THROUGHPUT IMAGING,NON,NOT RECOVERY ACT,H,PUBLIC/STATE CONTROLLED INSTITUTION OF HIGHER EDUCATION,2,NON-AGGREGATE RECORD,,,,,,,,,,,https://www.usaspending.gov/award/ASST_NON_N000141712401_1700/,2024-01-17
ASST_NON_N000141712176_1700,N000141712176,,,,,,,,2023-11-28,2024,562433.91,,0.00,0.00,562433.91,0.00,0.00,2017-02-17,2017,2017-02-17,2022-07-31,097,Department of Defense,1700,Department of the Navy,N00014,OFFICE OF NAVAL RESEARCH,097,Department of Defense,1700,Department of the Navy,N00014,OFFICE OF NAVAL RESEARCH,,,,,GS3YEVSS12N6,,"REGENTS OF THE UNIVERSITY OF CALIFORNIA, THE","REGENTS OF THE UNIVERSITY OF CALIFORNIA, THE",NUDGYLBB4S99,,STATE OF CALIFORNIA CONTROLLERS OFFICE,USA,UNITED STATES,2150 SHATTUCK AVE RM 313,,06000,BERKELEY,06001,ALAMEDA,06,CA,CALIFORNIA,94704,5940,CA-13,CA-12,,,,STATE-WIDE,USA,UNITED STATES,CA*****,,,,06,CALIFORNIA,,CA-90,,,12.300: BASIC AND APPLIED SCIENTIFIC RESEARCH,N0001416SBA10,"BROAD AGENCY ANNOUNCEMENT, TITLE OF PROPOSAL INTER",04,PROJECT GRANT (B),INTERPRETABLE MACHINE LEARNING FOR CAUSAL INFERENCE,NON,NOT RECOVERY ACT,H,PUBLIC/STATE CONTROLLED INSTITUTION OF HIGHER EDUCATION,2,NON-AGGREGATE RECORD,,,,,,,,,,,https://www.usaspending.gov/award/ASST_NON_N000141712176_1700/,2023-12-01
ASST_NON_HDTRA11710032_9761,HDTRA11710032,,SAINOTAVAILABLE,,,,,,2023-11-29,2024,374990.87,,0.00,0.00,374990.87,0.00,0.00,2017-04-03,2017,2017-04-05,2020-12-31,097,Department of Defense,9761,Defense Threat Reduction Agency,HDTRA1,DEFENSE THREAT REDUCTION AGENCY,097,Department of Defense,9761,Defense Threat Reduction Agency,HDTRA1,DEFENSE THREAT REDUCTION AGENCY,097-2018/2019-0400-000;097-2019/2020-0400-000;097-2020/2021-0400-000,097-0400,"41.0: Grants, subsidies, and contributions",,GS3YEVSS12N6,,"REGENTS OF THE UNIVERSITY OF CALIFORNIA, THE","REGENTS OF THE UNIVERSITY OF CALIFORNIA, THE",NUDGYLBB4S99,,STATE OF CALIFORNIA CONTROLLERS OFFICE,USA,UNITED STATES,2150 SHATTUCK AVE RM 313,,06000,BERKELEY,06001,ALAMEDA,06,CA,CALIFORNIA,94704,5940,CA-13,CA-12,,,,SINGLE ZIP CODE,USA,UNITED STATES,CA00000,BERKELEY,06001,ALAMEDA,06,CALIFORNIA,947101749,CA-12,CA-12,,12.351: SCIENTIFIC RESEARCH - COMBATING WEAPONS OF MASS DESTRUCTION; 12.351: BASIC  SCIENTIFIC RESEARCH - COMBATING WEAPONS OF MASS DESTRUCTION,,,04,PROJECT GRANT (B),"TEM INVESTIGATION ON WMD RADIATION OF VERTICAL GAN MATERIALS, JUNCTIONS, AND INTERFACES",NON,NOT RECOVERY ACT,H,PUBLIC/STATE CONTROLLED INSTITUTION OF HIGHER EDUCATION,2,NON-AGGREGATE RECORD,,,,,,,,,,,https://www.usaspending.gov/award/ASST_NON_HDTRA11710032_9761/,2024-01-17
